"","BANK NAME","BANK BRANCH","CITY","DETAILS","country"
"1","ABN AMRO SECURITIES (BRASIL) CORRETORA DE VALORES MOBILIARIOS SA","","SAO PAULO","View","Brazil"
"2","BANCO ABC BRASIL S.A.","MATRIZ","SAO PAULO","View","Brazil"
"3","ACCESSTAGE TECNOLOGIA LTDA","","SAO PAULO","View","Brazil"
"4","ATIVA S/A CORRETORA DE TITULOS CAMBIO E VALORES","","RIO DE JANEIRO","View","Brazil"
"5","AMERICAN EXPRESS BANK (BRASIL) BANCO MULTIPLO S.A.","","SAO PAULO","View","Brazil"
"6","AGENDA CCVM LTDA.","","RIO DE JANEIRO","View","Brazil"
"7","AGORA COR DE TITUL E VAL MOB","","RIO DE JANEIRO","View","Brazil"
"8","ALFA CCVM S/A","","SAO PAULO","View","Brazil"
"9","ALPES C.C.T.V.M. LTDA","","SAO PAULO","View","Brazil"
"10","BANCO DA AMAZONIA S.A.","AGENCIA ICOARACI","BELEM","View","Brazil"
"11","ANGLO FERROUS BRAZIL S.A.","","RIO DE JANEIRO","View","Brazil"
"12","ANZ PARTICIPACOES E SERVICOES LTDA.","","RIO DE JANEIRO","View","Brazil"
"13","BANCO ARBI S/A","MATRIZ","RIO DE JANEIRO","View","Brazil"
"14","BANCO ALFA DE INVESTIMENTO S.A., SAO PAULO","","SAO PAULO","View","Brazil"
"15","AUREUM SOCIEDADE CORRETORA DE CAMBIO E VALORES MOBILIARIOS LTDA","","CURITIBA","View","Brazil"
"16","BARCLAYS CTVM S.A.","","SAO PAULO","View","Brazil"
"17","BANCO DE DESENVOLVIMENTO DO PARANA SA","","RIO DE JANEIRO","View","Brazil"
"18","BANCO CREDIT AGRICOLE BRASIL SA","MATRIZ","SAO PAULO","View","Brazil"
"19","BANCO VOTORANTIM S.A.","","SAO PAULO","View","Brazil"
"20","BRADESCO S.A. CTVM","","SAO PAULO","View","Brazil"
"21","BANCO BRADESCO S.A.","CENTRAL,URB.SAO PAULO, SP","SAO PAULO","View","Brazil"
"22","BRAM-BRADESCO ASSET MANAGEMENT","","SAO PAULO","View","Brazil"
"23","BANCO BBM S.A.","","RIO DE JANEIRO","View","Brazil"
"24","BANCO BMFBOVESPA DE SERVICOS DE LIQUIDACAO E CUSTODIA S.A.","","SAO PAULO","View","Brazil"
"25","HSBC BANK BRASIL S.A. - BANCO MULTIPLO","HEAD OFFICE","SAO PAULO","View","Brazil"
"26","BANCO CARGILL S/A","","SAO PAULO","View","Brazil"
"27","BRASCAN S/A CORRETORA DE TITULOS E VALORES","","SAO PAULO","View","Brazil"
"28","BANCO BARCLAYS SA","MATRIZ","SAO PAULO","View","Brazil"
"29","BANCO ZOGBI SA","","SAO PAULO","View","Brazil"
"30","BANCO COOPERATIVO SICREDI SA - BANSICREDI","","PORTO ALEGRE","View","Brazil"
"31","BANCO CRUZEIRO DO SUL S.A.","","SAO PAULO","View","Brazil"
"32","BANCO CACIQUE S.A.","MATRIZ","SAO PAULO","View","Brazil"
"33","BANCO DIMENSAO","","RIO DE JANEIRO","View","Brazil"
"34","BANCO DE DESENVOLVIMENTO DO ESTADO DO RIO DE JANEIRO SA","","RIO DE JANEIRO","View","Brazil"
"35","BDMG-BANCO DE DESENVOLVIMENTO DE MINAS GERAIS","","BELO HORIZONTE","View","Brazil"
"36","BANCO DE DESENVOLVIMENTO DO ESPIRITO SANTO SA - BANDES","","VITORIA","View","Brazil"
"37","BANESTES S.A. - BANCO DO ESTADO DO ESPIRITO SANTO","CENTRALMATRIZ","VITORIA","View","Brazil"
"38","BANCO DO ESTADO DO PARA S.A.","BELEM CENTRO","","View","Brazil"
"39","BES INVESTIMENTO DO BRASIL S/A-BANCO DE INVESTIMENTO","","SAO PAULO","View","Brazil"
"40","BANCO DO ESTADO DE GOIAS S A","","RIO DE JANEIRO","View","Brazil"
"41","BEXS BANCO DE CAMBIO S/A","","SAO PAULO","View","Brazil"
"42","BANCO FATOR SA","MATRIZ","SAO PAULO","View","Brazil"
"43","BANCO GENERAL MOTORS S.A.","","SAO PAULO","View","Brazil"
"44","BGC LIQUIDEZ DTVM LTDA","","RIO DE JANEIRO","View","Brazil"
"45","BANCO INTER-ATLANTICO DE INVESTIMENTO","","RIO DE JANEIRO","View","Brazil"
"46","BANCO INDUSTRIAL DO BRASIL S/A","MATRIZ","SAO PAULO","View","Brazil"
"47","BANCO INDUSTRIAL E COMERCIAL S.A. BICBANCO","ALPHAVILLE","SAO PAULO","View","Brazil"
"48","BITTENCOURT S/A CTVC","","RIO DE JANEIRO","View","Brazil"
"49","BANCO DE INVESTIMENTOS CREDIT SUISSE (BRASIL) S.A.","","SAO PAULO","View","Brazil"
"50","BANCO ORIGINAL DO AGRONEGOCIO S.A.","MATRIZ","SAO PAULO","View","Brazil"
"51","BANK OF CHINA BRASIL S.A.","","SAO PAULO","View","Brazil"
"52","BANCO BMG S/A","MATRIZ","","View","Brazil"
"53","BANCO MERCANTIL S.A.","","RECIFE","View","Brazil"
"54","BANCO MERCANTIL DO BRASIL S.A.","MATRIZ","BELO HORIZONTE","View","Brazil"
"55","BANCO DO NORDESTE DO BRASIL S/A","HEAD OFFICE","FORTALEZA","View","Brazil"
"56","BANCO NACIONAL DE CREDITO COOPERATIVO","","BRASILIA","View","Brazil"
"57","BANIF-BANCO INTERNACIONAL DO FUNCHAL (BRASIL), SA","AGENCIA MORUMBI","SAO PAULO","View","Brazil"
"58","BANCO BNP PARIBAS BRASIL S/A","SAO PAOLO BRANCH","SAO PAULO","View","Brazil"
"59","BNY MELLON SERVICOS FINANCEIROS DTVM SA","","RIO DE JANEIRO","View","Brazil"
"60","BANCO GOLDMINE S.A.","","RIO DE JANEIRO","View","Brazil"
"61","BANCO UBS PACTUAL S.A.","","RIO DE JANEIRO","View","Brazil"
"62","BANCO DE TOKYO-MITSUBISHI UFJ BRASIL S/A","MATRIZ","SAO PAULO","View","Brazil"
"63","BANCO BTG PACTUAL S.A.","MATRIZ BOTAFOGO","RIO DE JANEIRO","View","Brazil"
"64","BPN BRASIL BANCO MULTIPLO S.A.","MATRIZ","SAO PAULO","View","Brazil"
"65","BANCO DO BRASIL S.A.","ESTILO CONG.NACIONAL","BRASILIA","View","Brazil"
"66","BRB-BANCO DE BRASILIA S.A.","CENTRAL","BRASILIA","View","Brazil"
"67","BRADESCO S/A CTVM","","SAO PAULO","View","Brazil"
"68","BANCO DO ESTADO DO RIO GRANDE DO SUL S/A","MATRIZ","PORTO ALEGRE","View","Brazil"
"69","BANCO BRJ S.A.","","RIO DE JANEIRO","View","Brazil"
"70","BANCO RIBEIRAO PRETO S.A","","RIBEIRAO PRETO","View","Brazil"
"71","BANCO SOFISA S.A.","MATRIZ","SAO PAULO","View","Brazil"
"72","BANCO SANTANDER (BRASIL) S.A.","HEAD OFFICE","SAO PAULO","View","Brazil"
"73","BARING SECURITIES BRAZIL","","SAO PAULO","View","Brazil"
"74","BANCO SOCIETE GENERALE BRASIL S/A","MATRIZ","SAO PAULO","View","Brazil"
"75","BANCO SUL AMERICA S.A.","","SAO PAULO","View","Brazil"
"76","CM CAPITAL MARKETS CCTVM LTDA.","","SAO PAULO","View","Brazil"
"77","ITAU UNIBANCO S/A (SUCCESSOR OF BANCO ITAU BBA S.A.)","CENTRAL","SAO PAULO","View","Brazil"
"78","COOPERATIVA CENTRAL CREDITO RURAL RGS LTDA","","PORTO ALEGRE","View","Brazil"
"79","CAMARA INTERBANCARIA DE PAGAMENTOS-CIP","","SAO PAULO","View","Brazil"
"80","COOPERATIVA DE CREDITO RURAL DO OESTE LTDA","","BAHIA","View","Brazil"
"81","CONVENCAO S/A CORRETORA DE VALORES E CAMBIO","","SAO PAULO","View","Brazil"
"82","CETRO CTVM LTDA.","","PORTO ALEGRE","View","Brazil"
"83","CAIXA ECONOMICA DO ESTADO DO IO GRANDE DO SUL SA","","CAXIAS DO SUL","View","Brazil"
"84","CAIXA ECONOMICA FEDERAL","ALTO DA MOOCA","SAO PAULO","View","Brazil"
"85","CETIP / CENTRAL DE CUSTODIA E DE LIQUIDACAO FINANCEIRA DE TITULOS","","RIO DE JANEIRO","View","Brazil"
"86","BANCO CAIXA GERAL-BRASIL S/A","MATRIZ","SAO PAULO","View","Brazil"
"87","CITIGROUP GLOBAL MARKETS BRASIL CCTVM SA","","SAO PAULO","View","Brazil"
"88","BANCO JP MORGAN S.A.","","SAO PAULO","View","Brazil"
"89","CITY CCVM LTDA.","","RIO DE JANEIRO","View","Brazil"
"90","BANDEIRANTES CREDITO IMOBILIARIO","","SAO PAULO","View","Brazil"
"91","COMPANHIA BRASILEIRA DE LIQUIDACAO E CUSTODIA","","SAO PAULO","View","Brazil"
"92","COINVALORES CCVM LTDA.","","SAO PAULO","View","Brazil"
"93","NOVO BANCO CONTINENTAL S.A.","MATRIZ","PORTO ALEGRE","View","Brazil"
"94","CRUZEIRO DO SUL CORRETORA DE VALORES","","RIO DE JANEIRO","View","Brazil"
"95","CREDIT SUISSE FIRST BOSTON SA CTVM","","SAO PAULO","View","Brazil"
"96","CETIP S.A. BALCAO ORGANIZADO DE ATIVOS E DERIVATIVOS","","RIO DE JANEIRO","View","Brazil"
"97","MERCEDES-BENZ DO BRASIL LTDA","","SAO BERNARDO DO CAMPO","View","Brazil"
"98","STAREXPORT TRADING S.A.","","SAO BERNARDO DO CAMPO","View","Brazil"
"99","BANCO DAYCOVAL S/A","MATRIZ","SAO PAULO","View","Brazil"
"100","BANCO DE DESENVOLVIMENTO DO ESTADO DA BAHIA S.A.","","SALVADOR","View","Brazil"
"101","SCOTIABANK BRASIL S.A.-BANCO MULTIPLO","MATRIZ","SAO PAULO","View","Brazil"
"102","BANCO DIGIBANCO S.A","","SAO PAULO","View","Brazil"
"103","DEUTSCHE BANK CV S/A","","SAO PAULO","View","Brazil"
"104","DEUTSCHE BANK S.A. - BANCO ALEMAO","MATRIZ","SAO PAULO","View","Brazil"
"105","DISTRIBUIDORA BANK OF BOSTON DTVM S/A","","SAO PAULO","View","Brazil"
"106","INDOSUEZ CAPITAL DTVM S/A","","SAO PAULO","View","Brazil"
"107","BB DISTR. DE TITULOS E VALORES MOBLS. S/A","","RIO DE JANEIRO","View","Brazil"
"108","EMPRESA BRASILEIRA DE CORREIOS E TELEGRAFOS - ECT","","BRASILIA","View","Brazil"
"109","ELITE CCVM LTDA","","RIO DE JANEIRO","View","Brazil"
"110","EQUITY CP - CCV S/A","","RIO DE JANEIRO","View","Brazil"
"111","ESTRATEGIA INVESTIMENTOS S/A CVC","","RIO DE JANEIRO","View","Brazil"
"112","FATOR - DORIA ATHERINO S/A CV","","SAO PAULO","View","Brazil"
"113","FATOR S.A. CORRETORA DE VALORES","","SAO PAULO","View","Brazil"
"114","FINABANK CORRETORA DE CAMBIO TITULOS E VALORES MOBILIARIOS LTDA","","SAO PAULO","View","Brazil"
"115","FIBRA ASSET MANAGEMENT DISTRIBUIDORA DE TITULOS E VALORES MOBILIARIOS LTDA","","SAO PAULO","View","Brazil"
"116","BANCO FIBRA S.A.","MATRIZ","SAO PAULO","View","Brazil"
"117","FINASA-SUPLICY C.C.V.M. S/A","","SAO PAULO","View","Brazil"
"118","BRASIL PLURAL CCTVM SA","","SAO PAULO","View","Brazil"
"119","BANCO ITAUBANK S.A","MATRIZ","SAO PAULO","View","Brazil"
"120","BANKBOSTON, N.A. BRAZIL","","SAO PAULO","View","Brazil"
"121","FITCH RATINGS BRASIL LTDA","","RIO DE JANEIRO","View","Brazil"
"122","GARANTIA DTVM S/A","","SAO PAULO","View","Brazil"
"123","GBM BRASIL DTVM S.A.","","RIO DE JANEIRO","View","Brazil"
"124","GERACAO CORRETORA DE VALORES LTDA","","SAO PAULO","View","Brazil"
"125","GERACAO FUTURO CORRETORA DE VALORES SA","","RIO DE JANEIRO","View","Brazil"
"126","GRADUAL C.C.T.V.M. LTDA","","SAO PAULO","View","Brazil"
"127","CHASE FLEMING S.A. CCVM","","SAO PAULO","View","Brazil"
"128","BANCO CHASE FLEMING SA","","RIO DE JANEIRO","View","Brazil"
"129","GOLDMAN SACHS DO BRASIL CORRETORA DE VALORES MOBILIARIOS S/A","","SAO PAULO","View","Brazil"
"130","CREDIT SUISSE HEDGING GRIFFO","","SAO PAULO","View","Brazil"
"131","ICATU DTVM LTDA.","","RIO DE JANEIRO","View","Brazil"
"132","ICAP DO BRASIL DTVM LTDA","","RIO DE JANEIRO","View","Brazil"
"133","BANCO INDUSVAL S/A","MATRIZ","SAO PAULO","View","Brazil"
"134","INTRA S/A CCV","","SAO PAULO","View","Brazil"
"135","ITAU UNIBANCO S/A","HEAD OFFICE","SAO PAULO","View","Brazil"
"136","JP MORGAN DISTRIBUIDORA","","SAO PAULO","View","Brazil"
"137","JPM CCTVM S/A","","SAO PAULO","View","Brazil"
"138","BANCO KDB DO BRASIL S.A.","MATRIZ","SAO PAULO","View","Brazil"
"139","BANCO KEB DO BRASIL S.A.","MATRIZ","SAO PAULO","View","Brazil"
"140","LIBERAL S/A COR DE CAM E VAL MOB","","SAO PAULO","View","Brazil"
"141","MAGLIANO S.A. CORRETORA DE CAMBIO E VALORES MOBILIARIOS","","SAO PAULO","View","Brazil"
"142","MIDBANK-BANCO DE INVESTIMENTO S.A.","","SAO PAULO","View","Brazil"
"143","BANCO MINEIRO S.A.","","BELO HORIZONTE","View","Brazil"
"144","BANCO MERRILL LYNCH DE INVESTIMENTOS S.A.","","SAO PAULO","View","Brazil"
"145","MERRILL LYNCH S.A. CORRETORA DE TITULOS E VALORES MOBILIARIOS","","SAO PAULO","View","Brazil"
"146","BANCO MODAL S.A.","MATRIZ","RIO DE JANEIRO","View","Brazil"
"147","BANCO MORGAN STANLEY DEAN WITTER S.A.","","SAO PAULO","View","Brazil"
"148","MORGAN STANLEY","MATRIZ","SAO PAULO","View","Brazil"
"149","MULTIPLIC BANCO DE INVESTIMENTO S/A","","SAO PAULO","View","Brazil"
"150","MULTIPLIC CVM S/A","","SAO PAULO","View","Brazil"
"151","BANCO NACIONAL DE DESENVOLVIMENTO ECONOMICO E SOCIAL - BNDES","","RIO DE JANEIRO","View","Brazil"
"152","BANCO NOSSA CAIXA S/A","","SAO PAULO","View","Brazil"
"153","NESTLE BRAZIL LTDA","","SAO PAULO","View","Brazil"
"154","NOVACAO S/A CCVM","","SAO PAULO","View","Brazil"
"155","BANCO NOROESTE CHEMICAL INVESTIMENTO","","SAO PAULO","View","Brazil"
"156","NOVINVEST S/A CVM","","SAO PAULO","View","Brazil"
"157","NOVA FUTURA D.T.V.M. LTDA.","","SAO PAULO","View","Brazil"
"158","BANCO PAULISTA S.A.","MATRIZ","SAO PAULO","View","Brazil"
"159","BANCO PINE S.A.","MATRIZ","SAO PAULO","View","Brazil"
"160","PRUDENTIAL DO BRASIL SEGUROS DE VIDA SA","","RIO DE JANEIRO","View","Brazil"
"161","PLANIBANC CV S/A","","SAO PAULO","View","Brazil"
"162","PLANNER CORRETORA DE VALORES S.A.","","SAO PAULO","View","Brazil"
"163","PRIME S/A CORRETORA DE CAMBIO E VALORES","","RIO DE JANEIRO","View","Brazil"
"164","PROSPER S/A CVC","","SAO PAULO","View","Brazil"
"165","PETRA - PERSONAL TRADER CORRETORA DE TITULOS E VALORES MOBILIARIOS LTDA","","CURITIBA","View","Brazil"
"166","QUANTIA DTVM LTDA","","SAO PAULO","View","Brazil"
"167","BANCO RABOBANK INTERNATIONAL BRASIL S/A","MATRIZ","SAO PAULO","View","Brazil"
"168","THE ROYAL BANK OF SCOTLAND BRASIL S.A.-BANCO DE   INVESTIMENTO","","SAO PAULO","View","Brazil"
"169","BANCO REGIONAL DE DESENVOLVIMENTO DO EXTREMO SUL","","CURITIBA","View","Brazil"
"170","RENASCENCA DISTRIBUIDORA DE TITULOS E VALORES MOBILIARIOS LTDA.","","SAO PAULO","View","Brazil"
"171","BANCO RENDIMENTO S/A","MATRIZ","SAO PAULO","View","Brazil"
"172","RMC S/A SC","","SAO PAULO","View","Brazil"
"173","ROYAL BANK OF CANADA (BRASIL) S.A.","","SAO PAULO","View","Brazil"
"174","BANCO RURAL S.A.","","","View","Brazil"
"175","SANTANDER BRASIL S/A CTVM","","SAO PAULO","View","Brazil"
"176","BANCO SAFRA S.A.","HEAD OFFICE","SAO PAULO","View","Brazil"
"177","STANDARD CHARTERED BANK (BRASIL) S.A.-BANCO DE INVESTIMENTO","","SAO PAULO","View","Brazil"
"178","BANKO SUMITOMO MITSUI BRASILEIRO S.A.","","SAO PAULO","View","Brazil"
"179","STOCK S/A COR DE CAM E VAL","","SAO PAULO","View","Brazil"
"180","BCV - BANCO DE CREDITO E VAREJO S.A","MATRIZ","SAO PAULO","View","Brazil"
"181","SCHAHIN CCVM S/A","","SAO PAULO","View","Brazil"
"182","SOCOPA SOCIEDADE CORRETORA PAULISTA S/A.","","SAO PAULO","View","Brazil"
"183","SLW CORRETORA DE VALORES E CAMBIO LTDA","","SAO PAULO","View","Brazil"
"184","SPINELLI S/A - CORRETORA DE VALORES MOBILIARIOS E CAMBIO","","SAO PAULO","View","Brazil"
"185","SAMSUNG ELECTRONICA DA AMAZONIA LTDA.","","SAO PAULO","View","Brazil"
"186","BANCO DO ESTADO DE SERGIPE S.A.","AGENCIA BARAO DE MARUIM","ARACAJU","View","Brazil"
"187","SQUANTO INVESTIMENTOS LTD","","SAO PAULO","View","Brazil"
"188","SPECIAL SETTLEMENT AND CUSTODY SYSTEM (SELIC)","","RIO DE JANEIRO","View","Brazil"
"189","BANCO SUMITOMO MITSUI BRASILEIRO S.A.","MATRIZ","SAO PAULO","View","Brazil"
"190","TALARICO CORRETORA DE CAMBIO E TITULOS MOBILIARIOSLTDA.","","SAO PAULO","View","Brazil"
"191","TOV CORRETORA DE TITULOS, CAMBIO E VALORES MOBILIARIOS LTDA","","SAO PAULO","View","Brazil"
"192","THECA CORRETORA DE CAMBIO, TITULOS E VALORES MOBILIARIOS LTDA","","SAO PAULO","View","Brazil"
"193","TITULO CORRETORA DE VALORES S/A","","SAO PAULO","View","Brazil"
"194","TOV CCTVM LTDA","","SAO PAULO","View","Brazil"
"195","VALE S.A.","","RIO DE JANEIRO","View","Brazil"
"196","VOTORANTIM CORRETORA DE TIT E VAL MOB LTDA","","SAO PAULO","View","Brazil"
"197","BANCO MIZUHO DO BRASIL S.A.","MATRIZ","SAO PAULO","View","Brazil"
"198","INDOSUEZ W.I. CARR SECURITIES (BRAZIL) DTVM S.A.","","SAO PAULO","View","Brazil"
"199","BMF - CAMARA DE DERIVATIVOS","","SAO PAULO","View","Brazil"
"200","BOLSA DE MERCADORIAS E FUTUROS - BM E F","","SAO PAULO","View","Brazil"
"201","BOLSA DE VALORES DE SAO PAULO","","SAO PAULO","View","Brazil"
"202","BOLSA DE VALORES DO RIO DE JANEIRO","","RIO DE JANEIRO","View","Brazil"
"203","BANCO PAN S.A.","MATRIZ","SAO PAULO","View","Brazil"
"204","COMPANHIA PROVIDENCIA INDUSTRIA E COMERCIO","","SAO JOSE DOS PINHAIS","View","Brazil"
"205","BANCO CITIBANK SA","MATRIZ","SAO PAULO","View","Brazil"
"206","BANCO TOPAZIO S.A.","MATRIZ","PORTO ALEGRE","View","Brazil"
"207","BANCO ORIGINAL S.A.","MATRIZ","SAO PAULO","View","Brazil"
"208","BANCO MAXIMA S.A.","MATRIZ","RIO DE JANEIRO","View","Brazil"
"209","PARANA BANCO S.A.","CENTRAL","","View","Brazil"
"210","BANCO LUSO BRASILEIRO S.A.","MATRIZ","SAO PAULO","View","Brazil"
"211","UM INVESTIMENTOS","","SAO PAULO","View","Brazil"
"212","TS-TRISTAR IMPERIAL, SECURITIES AND FINANCE LTDA SERVICE CENTRE IMPERIAL","","GOIANIA","View","Brazil"
"213","MOODY'S AMERICA LATINA LTDA","","SAO PAULO","View","Brazil"
"214","BANCO BONSUCESSO SA","MATRIZ","BELO HORIZONTE","View","Brazil"
"215","BBM I GESTAO DE RECURSOS LTDA","","RIO DE JANEIRO","View","Brazil"
"216","BANCO AZTECA DO BRASIL S/A","MATRIZ","RECIFE","View","Brazil"
"217","GAVEA INVESTIMENTOS LTDA","","RIO DE JANEIRO","View","Brazil"
"218","TESE GESTAO DE INVESTIMENTOS LTDA","","RIO DE JANEIRO","View","Brazil"
"219","UBS BRASIL CCTVM","","SAO PAULO","View","Brazil"
"220","XP INVESTIMENTOS CCTVM SA","","RIO DE JANEIRO","View","Brazil"
"221","BANCO CENTRAL DO BRASIL","","BRASILIA","View","Brazil"
"222","COTACAO DISTRIBUIDORA DE TITULOS E VALORES MOBS S/A","","SAO PAULO","View","Brazil"
"223","ITAU ASSET MANAGEMENT","","","View","Brazil"
"224","DOURADA CAMBIO","","","View","Brazil"
"225","S.HAYATA CORRETORA DE CAMBIO S.A.","","","View","Brazil"
"226","ARC CORRETORA DE CAMBIO, ASSOCIADOS GOUVEIA, CAMPEDELLI S.A.","","","View","Brazil"
"227","BANCO ABN AMRO S.A.","MATRIZ","SAO PAULO","View","Brazil"
"228","BANCO CONFIDENCE DE CAMBIO SA","MATRIZ","SAO PAULO","View","Brazil"
"229","BANCO WOORI BANK DO BRASIL","MATRIZ","SAO PAULO","View","Brazil"
"230","BANK OF AMERICA MERRILL LYNCH BANCO MULTIPLO S.A","MATRIZ- SAO PAULO FARIA LIMA","SAO PAULO","View","Brazil"
"231","BANCO OURINVEST S.A","MATRIZ","SAO PAULO","View","Brazil"
"232","PETRUS INVESTIMENTOS S/A","","","View","Brazil"
"233","AGK CORRETORA DE CAMBIO S.A.","","","View","Brazil"
"234","GBTD BRASIL","","","View","Brazil"
"235","GIB AMERICAS-BRASIL","","","View","Brazil"
"236","MIRAE ASSET SECURITIES (BRASIL) CORRETORA DE CAMBIO, TITULOS E VALORES MOBILIARIOS LTDA.","","","View","Brazil"
"237","PIONEER CORRETORA DE CAMBIO LTDA","","","View","Brazil"
"238","BROKER BRASIL CORRETORA DE CAMBIO LTDA","","","View","Brazil"
"239","LEVYCAM CORRETORA DE CAMBIO E VALORES","","","View","Brazil"
"240","BR PARTNERS C.T.V.M. S.A.","","","View","Brazil"
"241","GOLDMAN SACHS DO BRASIL BANCO MULTIPLO S.A.","MATRIZ","SAO PAULO","View","Brazil"
"242","BANCO STANDARD DE INVESTIMENTOS S.A.","","","View","Brazil"
"243","SANTANDER SECURITIES SERVICES BRASIL DISTRIBUIDORA DE TTULOS E VALORES MOBILIRIOS S.A.","","","View","Brazil"
"244","WWI ADMINISTRACAO DE RECURSOS LTDA","","","View","Brazil"
"245","SCHRODER INVESTMENT MANAGEMENT BRASIL","","","View","Brazil"
"246","ADVANCED CORRETORA DE CAMBIO LTDA","","","View","Brazil"
"247","TRUSTEE INVESTMENTS S/A","","","View","Brazil"
"248","BB GESTAO DE RECURSOS DISTRIBUIDORA E VALORES MOBILIRIOS S.A.","","","View","Brazil"
"249","INTESA SANPAOLO BRASIL S.A. - BANCO MULTIPLO","","","View","Brazil"
"250","HSBC CORRETORA DE TITULOS E VALORES MOBILIARIOS S.A.  HSBC CTVM","","","View","Brazil"
"251","BANCO ARBI S/A","","RIO DE JANEIRO","View","Brazil"
"252","BANCO ARBI S/A","","PORTO ALEGRE","View","Brazil"
"253","ATIVA S/A CTV","","RIO DE JANEIRO","View","Brazil"
"254","BANCO VOTORANTIM S.A.","","SAO PAULO","View","Brazil"
"255","BANCO BRADESCO S.A.","BRADEX","SAO PAULO","View","Brazil"
"256","BANCO BRADESCO S.A.","RUA CURITIBA,URB.BELO HORIZONTE, MG","BELO HORIZONTE","View","Brazil"
"257","BANCO BRADESCO S.A.","SAO BRAZ,URB.BELEM, PA","BELEM","View","Brazil"
"258","BANCO BRADESCO S.A.","PRIME BLUMENAU, URB. BLUMENAU, SC","BLUMENAU","View","Brazil"
"259","BANCO BRADESCO S.A.","SETOR INDUSTRIAL,URB.BRASILIA, DF","BRASILIA","View","Brazil"
"260","BANCO BRADESCO S.A.","TAQUARAL","CAMPINAS","View","Brazil"
"261","BANCO BRADESCO S.A.","BANK RECONCILIATION","SAO PAULO","View","Brazil"
"262","BANCO BRADESCO S.A.","CASH MANAGEMENT","SAO PAULO","View","Brazil"
"263","BANCO BRADESCO S.A.","PINHEIRINHO, URB. CURITIBA, PR","CURITIBA","View","Brazil"
"264","BANCO BRADESCO S.A.","CIDADE NOVA,URB.FRANCA, SP","FRANCA","View","Brazil"
"265","BANCO BRADESCO S.A.","FORTALEZA DE MINAS","FORTALEZA","View","Brazil"
"266","BANCO BRADESCO S.A.","SHOPPING AMERICANAS,URB.JOINVILLE, SC","JOINVILLE","View","Brazil"
"267","BANCO BRADESCO S.A.","EDUARDO RIBEIRO,URB.MANAUS, AM","MANAUS","View","Brazil"
"268","BANCO BRADESCO S.A.","MATRIZ","SAO PAULO","View","Brazil"
"269","BANCO BRADESCO S.A.","AGENCIA EMPRESAS NOVO HAMBURGO,URB.NOVO HAMBURGO, RS","NOVO HAMBURGO","View","Brazil"
"270","BANCO BRADESCO S.A.","HEAD OFFICE","SAO PAULO","View","Brazil"
"271","BANCO BRADESCO S.A.","PORTO ALEGRE, CENTRO, RS","PORTO ALEGRE","View","Brazil"
"272","BANCO BRADESCO S.A.","CAXANGA,URB.RECIFE, PE","RECIFE","View","Brazil"
"273","BANCO BRADESCO S.A.","LARANJEIRAS,URB.RIO DE JANEIRO, RJ","RIO DE JANEIRO","View","Brazil"
"274","BANCO BRADESCO S.A.","GRACA,URB.SALVADOR, BA","SALVADOR","View","Brazil"
"275","BANCO BRADESCO S.A.","BRANCH","SAO PAULO","View","Brazil"
"276","BANCO BRADESCO S.A.","BOQUEIRAO","SANTOS","View","Brazil"
"277","BANCO BRADESCO S.A.","PALACIO DO CAFE,URB.VITORIA, ES","VITORIA","View","Brazil"
"278","BANCO BBM S.A.","","SAO PAULO","View","Brazil"
"279","BANCO BMFBOVESPA DE SERVICOS DE LIQUIDACAO E CUSTODIA S.A.","","SAO PAULO","View","Brazil"
"280","HSBC BANK BRASIL S.A. - BANCO MULTIPLO","URB SAVASSI","BELO HORIZONTE","View","Brazil"
"281","HSBC BANK BRASIL S.A. - BANCO MULTIPLO","CENTRO BELEM","BELEM","View","Brazil"
"282","HSBC BANK BRASIL S.A. - BANCO MULTIPLO","CENTRO BLUMENAU","BLUMENAU","View","Brazil"
"283","HSBC BANK BRASIL S.A. - BANCO MULTIPLO","CENTRO CAMPINAS","CAMPINAS","View","Brazil"
"284","HSBC BANK BRASIL S.A. - BANCO MULTIPLO","GLOBAL CUSTODY","SAO PAULO","View","Brazil"
"285","HSBC BANK BRASIL S.A. - BANCO MULTIPLO","","SAO PAULO","View","Brazil"
"286","HSBC BANK BRASIL S.A. - BANCO MULTIPLO","","CURITIBA","View","Brazil"
"287","HSBC BANK BRASIL S.A. - BANCO MULTIPLO","URB MONSENHOR TABOSA","FORTALEZA","View","Brazil"
"288","HSBC BANK BRASIL S.A. - BANCO MULTIPLO","CENTRO JOINVILLE","JOINVILLE","View","Brazil"
"289","HSBC BANK BRASIL S.A. - BANCO MULTIPLO","CENTRO MANAUS","MANAUS","View","Brazil"
"290","HSBC BANK BRASIL S.A. - BANCO MULTIPLO","","SAO PAULO","View","Brazil"
"291","HSBC BANK BRASIL S.A. - BANCO MULTIPLO","OFFSHORE FUNDS","SAO PAULO","View","Brazil"
"292","HSBC BANK BRASIL S.A. - BANCO MULTIPLO","URB MOINHOS DE VENTO","PORTO ALEGRE","View","Brazil"
"293","HSBC BANK BRASIL S.A. - BANCO MULTIPLO","PARANAGUA","PARANAGUA","View","Brazil"
"294","HSBC BANK BRASIL S.A. - BANCO MULTIPLO","CENTRO RECIFE","RECIFE","View","Brazil"
"295","HSBC BANK BRASIL S.A. - BANCO MULTIPLO","URB AV DAS AMERICAS","RIO DE JANEIRO","View","Brazil"
"296","HSBC BANK BRASIL S.A. - BANCO MULTIPLO","URB IGUATEMI","SALVADOR","View","Brazil"
"297","HSBC BANK BRASIL S.A. - BANCO MULTIPLO","URB CAPELA DO SOCORRO","SAO PAULO","View","Brazil"
"298","HSBC BANK BRASIL S.A. - BANCO MULTIPLO","CENTRO SANTOS","SANTOS","View","Brazil"
"299","HSBC BANK BRASIL S.A. - BANCO MULTIPLO","TREASURY OPERATIONS","CURITIBA","View","Brazil"
"300","HSBC BANK BRASIL S.A. - BANCO MULTIPLO","URB ENSEADA","VITORIA","View","Brazil"
"301","BANCO CENTRAL DO BRASIL","SEDE","BRASILIA","View","Brazil"
"302","BANCO CENTRAL DO BRASIL","DEPTO. DE OPERACOES INTERNACIONAIS","BRASILIA","View","Brazil"
"303","BANCO CENTRAL DO BRASIL","DEPTO. DA DIVIDA EXTERNA E DE RELACOES INTERNACIONAIS","BRASILIA","View","Brazil"
"304","BANCO CENTRAL DO BRASIL","","RIO DE JANEIRO","View","Brazil"
"305","BANCO CENTRAL DO BRASIL","SISTEMA NACIONAL DE CAMBIO","BRASILIA","View","Brazil"
"306","BANCO CENTRAL DO BRASIL","","SAO PAULO","View","Brazil"
"307","BES INVESTIMENTO DO BRASIL S/A-BANCO DE INVESTIMENTO","BES SECURITIES","SAO PAULO","View","Brazil"
"308","BANCO DE INVESTIMENTOS CREDIT SUISSE (BRASIL) S.A.","","SAO PAULO","View","Brazil"
"309","BANCO DO NORDESTE DO BRASIL S/A","BELO HORIZONTE","BELO HORIZONTE","View","Brazil"
"310","BANCO DO NORDESTE DO BRASIL S/A","","FORTALEZA","View","Brazil"
"311","BANCO DO NORDESTE DO BRASIL S/A","MACEIO CENTRO","MACEIO","View","Brazil"
"312","BANCO DO NORDESTE DO BRASIL S/A","NATAL CENTRO","NATAL","View","Brazil"
"313","BANCO DO NORDESTE DO BRASIL S/A","RECIFE-AGAMENON MAGALHAES","RECIFE","View","Brazil"
"314","BANCO DO NORDESTE DO BRASIL S/A","RIO DE JANEIRO","RIO DE JANEIRO","View","Brazil"
"315","BANCO DO NORDESTE DO BRASIL S/A","SALVADOR-COMERCIO","SALVADOR","View","Brazil"
"316","BANCO DO NORDESTE DO BRASIL S/A","SAO PAULO","SAO PAULO","View","Brazil"
"317","BANCO BNP PARIBAS BRASIL S/A","BANCO BNP PARIBAS BRASIL S/A","BRASILIA","View","Brazil"
"318","BANCO DO BRASIL S.A.","ADR AMERICAN DEPOSITARY RECEIPTS DIMEC","RIO DE JANEIRO","View","Brazil"
"319","BANCO DO BRASIL S.A.","GECEX BELO HORIZONTE","BELO HORIZONTE","View","Brazil"
"320","BANCO DO BRASIL S.A.","GECEX BLUMENAU","BLUMENAU","View","Brazil"
"321","BANCO DO BRASIL S.A.","GECEX BRASILIA","BRASILIA","View","Brazil"
"322","BANCO DO BRASIL S.A.","GECEX CAMPINAS","CAMPINAS","View","Brazil"
"323","BANCO DO BRASIL S.A.","ACCOUNT RECONCILIATION AND STATEMENTS COGER","RIO DE JANEIRO","View","Brazil"
"324","BANCO DO BRASIL S.A.","GECEX CURITIBA","CURITIBA","View","Brazil"
"325","BANCO DO BRASIL S.A.","SWIFT FOR CORPORATES - DICOM","BRASILIA","View","Brazil"
"326","BANCO DO BRASIL S.A.","FINANCIAL INSTITUTIONS DIRIN","SAO PAULO","View","Brazil"
"327","BANCO DO BRASIL S.A.","GECEX SAO PAULO III","SAO PAULO","View","Brazil"
"328","BANCO DO BRASIL S.A.","GECEX PORTO ALEGRE","PORTO ALEGRE","View","Brazil"
"329","BANCO DO BRASIL S.A.","PREPAID CARD DICAR","BRASILIA","View","Brazil"
"330","BANCO DO BRASIL S.A.","GECEX RECIFE","RECIFE","View","Brazil"
"331","BANCO DO BRASIL S.A.","ACCOUNT RECONCILIATION AND STATEMENTS","RIO DE JANEIRO","View","Brazil"
"332","BANCO DO BRASIL S.A.","INTERNACIONAL CASH MANAGEMENT AND FOREIGN EXCHANGE DIFIN/DIMEC","RIO DE JANEIRO","View","Brazil"
"333","BANCO DO BRASIL S.A.","GECEX RIO DE JANEIRO","RIO DE JANEIRO","View","Brazil"
"334","BANCO DO BRASIL S.A.","GECEX RIBEIRAO PRETO","RIBEIRAO PRETO","View","Brazil"
"335","BANCO DO BRASIL S.A.","GECEX SAO PAULO I","SAO PAULO","View","Brazil"
"336","BANCO DO BRASIL S.A.","GECEX SALVADOR","SALVADOR","View","Brazil"
"337","BANCO DO BRASIL S.A.","GECEX SAO PAULO II","SAO PAULO","View","Brazil"
"338","BANCO DO BRASIL S.A.","S.W.I.F.T. SUPPORT INTERFACE/INFRASTRUCTURE","BRASILIA","View","Brazil"
"339","BRB-BANCO DE BRASILIA S.A.","SAO PAULO","SAO PAULO","View","Brazil"
"340","BANCO DO ESTADO DO RIO GRANDE DO SUL S/A","HEAD OFFICE","PORTO ALEGRE","View","Brazil"
"341","BANCO SANTANDER (BRASIL) S.A.","","SAO PAULO","View","Brazil"
"342","BANCO SANTANDER (BRASIL) S.A.","SECURITIES DEPARTMENT","SAO PAULO","View","Brazil"
"343","BANCO SANTANDER (BRASIL) S.A.","SAO PAULO BRANCH","SAO PAULO","View","Brazil"
"344","ITAU UNIBANCO S/A (SUCCESSOR OF BANCO ITAU BBA S.A.)","BELO HORIZONTE BRANCH","BELO HORIZONTE","View","Brazil"
"345","ITAU UNIBANCO S/A (SUCCESSOR OF BANCO ITAU BBA S.A.)","CAMPINAS BRANCH","CAMPINAS","View","Brazil"
"346","ITAU UNIBANCO S/A (SUCCESSOR OF BANCO ITAU BBA S.A.)","PORTO ALEGRE BRANCH","PORTO ALEGRE","View","Brazil"
"347","ITAU UNIBANCO S/A (SUCCESSOR OF BANCO ITAU BBA S.A.)","RIO DE JANEIRO BRANCH","RIO DE JANEIRO","View","Brazil"
"348","BANCO JP MORGAN S.A.","DIRECT CUSTODY CLEARING","SAO PAULO","View","Brazil"
"349","BANCO JP MORGAN S.A.","GLOBAL CORE CAPABILITIES","SAO PAULO","View","Brazil"
"350","BANCO JP MORGAN S.A.","TEST KEY AND BKE ADMINISTRATION","SAO PAULO","View","Brazil"
"351","BANCO JP MORGAN S.A.","JPMORGAN TS MANAGEMENT","SAO PAULO","View","Brazil"
"352","DEUTSCHE BANK S.A. - BANCO ALEMAO","","RIO DE JANEIRO","View","Brazil"
"353","DEUTSCHE BANK S.A. - BANCO ALEMAO","","SAO PAULO","View","Brazil"
"354","BANCO ITAUBANK S.A","","RIO DE JANEIRO","View","Brazil"
"355","BANCO ITAUBANK S.A","SAO PAULO BRANCH","SAO PAULO","View","Brazil"
"356","ITAU UNIBANCO S/A","ASSESSORIA ADR","SAO PAULO","View","Brazil"
"357","ITAU UNIBANCO S/A","BH AV. AMAZONAS","BELO HORIZONTE","View","Brazil"
"358","ITAU UNIBANCO S/A","BLUMENAU/CENTRO","BLUMENAU","View","Brazil"
"359","ITAU UNIBANCO S/A","CAMPINAS/FCO.GLICERIO","CAMPINAS","View","Brazil"
"360","ITAU UNIBANCO S/A","CURITIBA/CARMO","CURITIBA","View","Brazil"
"361","ITAU UNIBANCO S/A","GERENCIA DE FUNDOS E CARTEIRAS INTERNACIONAL","SAO PAULO","View","Brazil"
"362","ITAU UNIBANCO S/A","GERENCIA DE FUNDOS E CARTEIRAS INTERNACIONAL","SAO PAULO","View","Brazil"
"363","ITAU UNIBANCO S/A","JOINVILLE/PRINCIPE","JOINVILLE","View","Brazil"
"364","ITAU UNIBANCO S/A","CUSTODIA LOCAL","SAO PAULO","View","Brazil"
"365","ITAU UNIBANCO S/A","NOVO HAMBURGO/PATRIA NOVA","NOVO HAMBURGO","View","Brazil"
"366","ITAU UNIBANCO S/A","PORTO ALEGRE/FARRAPOS-RS","PORTO ALEGRE","View","Brazil"
"367","ITAU UNIBANCO S/A","RIO/AVENIDA","RIO DE JANEIRO","View","Brazil"
"368","ITAU UNIBANCO S/A","","SAO PAULO","View","Brazil"
"369","JPM COR DE CAM TITU E VAL MOB S/A","","SAO PAULO","View","Brazil"
"370","MIRAE ASSET SECURITIES (BRASIL) C.T.V.M. LTDA","","SAO PAULO","View","Brazil"
"371","MERRILL LYNCH DTVM","","SAO PAULO","View","Brazil"
"372","BANCO MORGAN STANLEY DEAN WITTER S.A.","","SAO PAULO","View","Brazil"
"373","MULTIPLIC BANCO DE INVESTIMENTO S/A","","RIO DE JANEIRO","View","Brazil"
"374","BANCO REGIONAL DE DESENVOLVIMENTO DO EXTREMO SUL","","FLORIANOPOLIS","View","Brazil"
"375","BANCO REGIONAL DE DESENVOLVIMENTO DO EXTREMO SUL","","PORTO ALEGRE","View","Brazil"
"376","BANCO SAFRA S.A.","RIO BRANCO","RIO DE JANEIRO","View","Brazil"
"377","BANCO SAFRA S.A.","","SAO PAULO","View","Brazil"
"378","SAMSUNG ELECTRONICA DA AMAZONIA LTDA.","SEDA","SAO PAULO","View","Brazil"
"379","BANCO DO ESTADO DE SERGIPE S.A.","AGENCIA MAGAZINE","ARACAJU","View","Brazil"
"380","BANCO SUMITOMO MITSUI BRASILEIRO S.A.","","BRASILIA","View","Brazil"
"381","BANCO SUMITOMO MITSUI BRASILEIRO S.A.","","BELO HORIZONTE","View","Brazil"
"382","BANCO SUMITOMO MITSUI BRASILEIRO S.A.","","RIO DE JANEIRO","View","Brazil"
"383","BMF - CAMARA DE DERIVATIVOS","DIRETORIA DE LIQUIDACAO E CUSTODIA","SAO PAULO","View","Brazil"
"384","BOLSA DE MERCADORIAS E FUTUROS - BM E F","DIRETORIA DE LIQUIDACAO E CUSTODIA","SAO PAULO","View","Brazil"
"385","BOLSA DE MERCADORIAS E FUTUROS - BM E F","DEPARTAMENTO DE CUSTODIA","SAO PAULO","View","Brazil"
"386","BANCO MERRILL LYNCH DE INVESTIMENTOS S.A.","TRADES","SAO PAULO","View","Brazil"
"387","HSBC BANK BRASIL S.A. - BANCO MULTIPLO","HSS FUNDS","CURITIBA","View","Brazil"
"388","MERCEDES-BENZ DO BRASIL LTDA","INDUSTRIAL ACCOUNTS","SAO BERNARDO DO CAMPO","View","Brazil"
"389","BANCO DE INVESTIMENTOS CREDIT SUISSE (BRASIL) S.A.","HEDGING GRIFFO","SAO PAULO","View","Brazil"
"390","BANCO SANTANDER (BRASIL) S.A.","","SAO PAULO","View","Brazil"
"391","BANCO SANTANDER (BRASIL) S.A.","ASSET MANAGEMENT","","View","Brazil"
"392","CONCORDIA SA CVMCC","","SAO PAULO","View","Brazil"
"393","CONCORDIA SA CVMCC","","RIO DE JANEIRO","View","Brazil"
"394","BANCO BRADESCO S.A.","DEPARTAMENTO DE ACOES E CUSTODIA","","View","Brazil"
"395","ITAU UNIBANCO - IAM","","","View","Brazil"
"396","BANCO RURAL S.A.","","","View","Brazil"
"397","BANCO DE LA REPUBLICA ORIENTAL DEL URUGUAY","SAO PAULO","SAO PAULO","View","Brazil"
"398","CITIBANK N.A.","","SAO PAULO","View","Brazil"
"399","ING BANK N.V.","MATRIZ","SAO PAULO","View","Brazil"
"400","BANCO DE LA NACION ARGENTINA","SUCURSAL SAN PAULO","SAO PAULO","View","Brazil"
"401","BANCO DE LA PROVINCIA DE BUENOS AIRES","SAO PAULO","SAO PAULO","View","Brazil"
"402","INDUSTRIAL AND COMMERCIAL BANK OF CHINA(BRAZIL)","","SAO PAULO","View","Brazil"
"403","CITIBANK N.A.","HEAD OFFICE","SAO PAULO","View","Brazil"
"404","CITIBANK N.A.","","RIO DE JANEIRO","View","Brazil"
"405","CITIBANK N.A.","INTERNATIONAL SECURITY","SAO PAULO","View","Brazil"
"406","CITIBANK N.A.","MATRIZ","SAO PAULO","View","Brazil"
"407","ING BANK N.V.","ASSET TRADING ADMINISTRATION","SAO PAULO","View","Brazil"
"408","BANCO DE LA NACION ARGENTINA","SUCURSAL RIO DE JANEIRO","RIO DE JANEIRO","View","Brazil"
"409","BANCO SANTANDER SA","","BELO HORIZONTE","View","Brazil"
"410","BANCO SANTANDER SA","","BLUMENAU","View","Brazil"
"411","BANCO SANTANDER SA","","BRASILIA","View","Brazil"
"412","BANCO SANTANDER SA","","CAMPINAS","View","Brazil"
"413","BANCO SANTANDER SA","","CAXIAS DO SUL","View","Brazil"
"414","BANCO SANTANDER SA","","CURITIBA","View","Brazil"
"415","BANCO SANTANDER SA","","GOIANIA","View","Brazil"
"416","BANCO SANTANDER SA","INTERNATIONAL SECURITIES SERVICES","SAO PAULO","View","Brazil"
"417","BANCO SANTANDER SA","","JUIZ DE FORA","View","Brazil"
"418","BANCO SANTANDER SA","","JOINVILLE","View","Brazil"
"419","BANCO SANTANDER SA","","NOVO HAMBURGO","View","Brazil"
"420","BANCO SANTANDER SA","","PORTO ALEGRE","View","Brazil"
"421","BANCO SANTANDER SA","","RECIFE","View","Brazil"
"422","BANCO SANTANDER SA","","RIO DE JANEIRO","View","Brazil"
"423","BANCO SANTANDER SA","","RIBEIRAO PRETO","View","Brazil"
"424","BANCO SANTANDER SA","","SALVADOR","View","Brazil"
"425","BANCO SANTANDER SA","","SANTOS","View","Brazil"
"426","BANCO SANTANDER SA","TREASURY","SAO PAULO","View","Brazil"
"427","BANCO CRUZEIRO DO SUL SA","","SAO PAULO","View","Brazil"
"428","BANCO FATOR SA","","SAO PAULO","View","Brazil"
"429","BANCO PROSPER SA","","RIO DE JANEIRO","View","Brazil"
"430","ITAU UNIBANCO SA","SUPERINTENDENCIA ADMINISTRATIVA OPERACIONAL","SAO PAULO","View","Brazil"
"431","INDUSTRIAL AND COMMERCIAL BANK OF CHINA","","SAO PAULO","View","Brazil"
"432","BANCO INTERCAP SA","","SAO PAULO","View","Brazil"
"433","STARAUTO COMERCIO DE VEICULOS LTDA","","SAO BERNARDO DO CAMPO","View","Brazil"
"434","DRESDNER BANK BRASIL SA BANCO MULTIPLO","","SAO PAULO","View","Brazil"
"435","EUROHYPO BRAZIL LIMITADA","","SAO PAULO","View","Brazil"
"436","BANCO BVA SA","","RIO DE JANEIRO","View","Brazil"
"437","BANCO DO BRASIL SA","GECEX VITORIA","VITORIA","View","Brazil"
"438","BANCO DO BRASIL SA","GECEX MANAUS","MANAUS","View","Brazil"
"439","BANCO DO BRASIL SA","GECEX FORTALEZA","FORTALEZA","View","Brazil"
"440","BANCO DO BRASIL SA","GECEX CAXIAS DO SUL","CAXIAS DO SUL","View","Brazil"
"441","BANCO DO BRASIL SA","GECEX BELEM","BELEM","View","Brazil"
"442","BANCO BMG SA","","BELO HORIZONTE","View","Brazil"
"443","BANCO BMG SA","","SAO PAULO","View","Brazil"
"444","BANCO BMG SA","","RIO DE JANEIRO","View","Brazil"
"445","BANCO DO ESTADO DO PARA SA","","BELEM","View","Brazil"
"446","ABN AMRO ESCRITORIO DE REPRESENTACALTDA","","SAO PAULO","View","Brazil"
"447","UNIBANCO UNIAO DE BANCOS BRASILEIROS SA","CASH MANAGEMENT","SAO PAULO","View","Brazil"
"448","UNIBANCO UNIAO DE BANCOS BRASILEIROS SA","SERVICOS DE INVESTIMENTO BO UAM","SAO PAULO","View","Brazil"
"449","UNIBANCO UNIAO DE BANCOS BRASILEIROS SA","GLOBAL DEPOSITORY CUSTODY/GDR-CUSTODY","SAO PAULO","View","Brazil"
"450","UNIBANCO UNIAO DE BANCOS BRASILEIROS SA","","SAO PAULO","View","Brazil"
"451","UNIBANCO UNIAO DE BANCOS BRASILEIROS SA","HEAD OFFICE","SAO PAULO","View","Brazil"
"452","PETROLEO BRASILEIRO SA PETROBRAS","PETROBRAS BOLIVIA","RIO DE JANEIRO","View","Brazil"
"453","PETROLEO BRASILEIRO SA PETROBRAS","","RIO DE JANEIRO","View","Brazil"
"454","BANCO RURAL SA","","BELO HORIZONTE","View","Brazil"
"455","BANCO RURAL SA","","BELO HORIZONTE","View","Brazil"
"456","BANCO STANDARD DE INVESTIMENTOS SA","","SAO PAULO","View","Brazil"
"457","WWI ADMINISTRACAO DE RECURSOS","","SAO PAULO","View","Brazil"
"458","ACTINVER CASA DE BOLSA SA DE CV","","CENTRO DE CIUDAD SANTA FE","View","Mexico"
"459","ABACO CASA DE BOLSA, S.A. DE C.V.","","MEXICO","View","Mexico"
"460","BANCO ACTINVER SA INSTITUCION DE BANCA MULTIPLE GRUPO FINANCIERO ACTINVER","","MEXICO","View","Mexico"
"461","ACCIONES Y VALORES DE MEXICO, S.A. DE C.V. CASA DE BOLSA","","MEXICO","View","Mexico"
"462","AFIN, CASA DE BOLSA, S.A. DE C.V.","","MEXICO","View","Mexico"
"463","BANCA AFIRME S.A.","","MONTERREY","View","Mexico"
"464","BANCO AZTECA, S.A. INSTITUCION DE BANCA MULTIPLE","","MEXICO","View","Mexico"
"465","BANCO DE ORIENTE, S A","","PUEBLA","View","Mexico"
"466","CASA DE BOLSA BANORTE, S.A. DE C.V.","","MEXICO","View","Mexico"
"467","BARCLAYS BANK MEXICO S.A.","","MEXICO","View","Mexico"
"468","BANCO BASE SA INSTITUCION DE BANCA MULTIPLE, GRUPO FINANCIERO BASE","","MEXICO","View","Mexico"
"469","BBVA BANCOMER, S.A.","","MEXICO","View","Mexico"
"470","BANCO DE MEXICO","","MEXICO","View","Mexico"
"471","HSBC MEXICO, S.A. INSTITUCION DE BANCA MULTIPLE, GRUPO FINANCIER HSBC","","MEXICO","View","Mexico"
"472","BANCO INTERACCIONES","","MEXICO","View","Mexico"
"473","HSBC CASA DE BOLSA, S.A. DE C.V., GRUPO FINANCIERHSBC","","MEXICO","View","Mexico"
"474","BANCO DEL BAJIO, S.A.","","LEON","View","Mexico"
"475","BANCO SANTANDER (MEXICO), S.A., INSTITUCION DE BANCA MULTIPLE, GRUPO FINANCIERO SANTANDER","","MEXICO","View","Mexico"
"476","BANCO NACIONAL DE COMERCIO EXTERIOR, S.N.C.","","MEXICO","View","Mexico"
"477","BANCO NACIONAL DE MEXICO S.A.","HEAD OFFICE AND FOR ALL REMAINING UNLISTED BRANCHES","MEXICO","View","Mexico"
"478","BANCO NACIONAL PESQUERO Y PORTUARIO, S.N.C.","","HERMOSILLO","View","Mexico"
"479","BANK OF AMERICA, MEXICO S.A.","","MEXICO","View","Mexico"
"480","BANK OF TOKYO-MITSUBISHI UFJ (MEXICO) S.A.","","MEXICO","View","Mexico"
"481","ING BARING GRUPO FINANCIERO (MEXICO) S.A. DE C.V.","","MEXICO","View","Mexico"
"482","CASA DE BOLSA SANTANDER, S.A.","","MEXICO","View","Mexico"
"483","CASA DE BOLSA UNION SA DE CV","","MEXICO","View","Mexico"
"484","CASA DE BOLSA ARKA S.A DE C.V.","","MEXICO","View","Mexico"
"485","CASA DE BOLSA FINAMEX, S.A.B. DE C.V.","","MEXICO","View","Mexico"
"486","CASA DE BOLSA MEXICO, S.A. DE C.V.","","MEXICO","View","Mexico"
"487","CASA DE BOLSA BANCOMER, S.A. DE C.V.","","MEXICO","View","Mexico"
"488","SCOTIA INVERLAT CASA DE BOLSA, S.A. DE C.V.","","MEXICO","View","Mexico"
"489","CASA DE BOLSA PRIME, S.A. DE C.V.","","MEXICO","View","Mexico"
"490","BANCO JP MORGAN S.A.","","MEXICO","View","Mexico"
"491","CIBANCO SA","","MEXICO","View","Mexico"
"492","BANCO CREDIT SUISSE (MEXICO) S.A.","","MEXICO","View","Mexico"
"493","CASA DE BOLSA CREDIT SUISSE (MEXICO), S.A. DE C.V.","","MEXICO","View","Mexico"
"494","CASA DE CAMBIO TIBER SA DE CV","","MEXICO","View","Mexico"
"495","CEMEX S.A.B. DE C.V.","","SAN PEDRO GARZA GARCIA","View","Mexico"
"496","DAIMLER MEXICO, SA DE CV","","MEXICO","View","Mexico"
"497","DEUTSCHE BANK MEXICO, SA","","MEXICO","View","Mexico"
"498","ESTRATEGIA CAMBIARIA CASE DE CAMBIO S.A. DE C.V.","","MEXICO","View","Mexico"
"499","BANCO NACIONAL DEL EJERCITO, FUERZA AEREA Y ARMADA, S.N.C.","","MEXICO","View","Mexico"
"500","ESTRATEGIA BURSATIL, S.A. DE C.V., CASA DE BOLSA","","MEXICO","View","Mexico"
"501","FIMSA CASA DE BOLSA, S.A. DE C.V.","","MEXICO","View","Mexico"
"502","FIRST NATIONAL BANK, S.A. DE C.V","","TIJUANA","View","Mexico"
"503","FITCH MEXICO S.A. DE C.V.","","MONTERREY,N.L.","View","Mexico"
"504","GOLDMAN SACHS MEXICO CASA DE BOLSA, SA DE CV","","MEXICO","View","Mexico"
"505","INTERCAM CASA DE BOLSA S.A. DE C.V.","","MEXICO","View","Mexico"
"506","INTERACCIONES CASA DE BOLSA, S.A. DE C.V.","","MEXICO","View","Mexico"
"507","BANCO INBURSA S.A.","","MEXICO","View","Mexico"
"508","S.D. INDEVAL, S.A. DE C.V.","","MEXICO","View","Mexico"
"509","INTERCAM BANCO SA INSTITUCION DE BANCA MULTIPLE INTERCAM GRUPO FINANCIERO","","MEXICO","View","Mexico"
"510","INVERMEXICO, S.A. DE C.V., CASA DE BOLSA","","MEXICO","View","Mexico"
"511","BANCO INVEX S.A.","","MEXICO","View","Mexico"
"512","INVERSORA BURSATIL, S.A. DE C.V., CASA DE BOLSA","","MEXICO","View","Mexico"
"513","INVEX CASA DE BOLSA, S.A. DE C.V.","","MEXICO","View","Mexico"
"514","IXE CASA DE BOLSA, S.A. DE C.V.","","MEXICO","View","Mexico"
"515","SCOTIABANK INVERLAT, S.A.","","MEXICO","View","Mexico"
"516","BANCO MERCANTIL DEL NORTE, S.A.","","MEXICO","View","Mexico"
"517","BANCO MULTIVA S.A. INSTITUCION DE BANCA MULTIPLE, GRUPO FINANCIERO MULTIVA","","MEXICO","View","Mexico"
"518","MULTIVALORES CASA DE BOLSA, S.A. DE C.V.","","MEXICO","View","Mexico"
"519","BANCO MONEX, S.A. INSTITUCION DE BANCA MULTIPLE","","MEXICO","View","Mexico"
"520","BANCO MONEX, S.A.","","MEXICO","View","Mexico"
"521","MORGAN STANLEY","","MEXICO","View","Mexico"
"522","MEXIVAL BANPAIS CASA DE BOLSA, S.A. DE C.V.","","MEXICO","View","Mexico"
"523","BANCO NACIONAL DE CREDITO RURAL SA","","MEXICO","View","Mexico"
"524","NACIONAL FINANCIERA, S.N.C.","","MEXICO","View","Mexico"
"525","OPERADORA DE BOLSA, S.A. DE C.V.","","MEXICO","View","Mexico"
"526","OPERADORA DE BOLSA SERFIN, S.A. DE C.V., CASA DE BOLSA","","MEXICO","View","Mexico"
"527","PROBURSA CASA DE BOLSA, S.A. DE C.V. CASA DE BOLSA","","MEXICO","View","Mexico"
"528","BANCO REGIONAL DE MONTERREY, S.A.","","MONTERREY","View","Mexico"
"529","BANCO DE CREDITO RURAL DEL GOLFO S.N.C.","","VERACRUZ","View","Mexico"
"530","SANTANDER SERFIN","","VERACRUZ","View","Mexico"
"531","SAMSUNG MEXICANA, S.A. DE C.V.","","TIJUANA","View","Mexico"
"532","BANCO DEL AHORRO NACIONAL Y SERVICIOS FINANCIEROS S.N.C INSTITUCION DE BANCA DE DESARROLLO","","MEXICO","View","Mexico"
"533","BANSI, SA","","GUADALAJARA","View","Mexico"
"534","GRUPO TELEVISA, S.A.B.","","MEXICO","View","Mexico"
"535","UBS BANK MEXICO, S.A. INSTITUCION DE BANCA MULTIPLE, UBS GRUPO FINANCIERO","","MEXICO","View","Mexico"
"536","VALUE, S.A. DE C.V., CASA DE BOLSA","","MEXICO","View","Mexico"
"537","VANGUARDIA CASA DE BOLSA","","MEXICO","View","Mexico"
"538","CASA DE BOLSA DEL VALLE DE MEXICO, S.A. DE C.V.","","MEXICO","View","Mexico"
"539","VALORES BURSATILES DE MEXICO, S.A. DE C.V.","","MEXICO","View","Mexico"
"540","VACTOR CASA DE BOLSA, S.A. DE C.V.","","GARZA GARCIA","View","Mexico"
"541","VALORES FINAMEX, S.A. DE C.V., CASA DE BOLSA","","MEXICO","View","Mexico"
"542","VALORES MEXICANOS CASA DE BOLSA, S.A. DE C.V.","","MEXICO","View","Mexico"
"543","MERCADO MEXICANO DE DERIVADOS, S.A. DE C.V.","","MEXICO","View","Mexico"
"544","BOLSA MEXICANA DE VALORES, S. A. DE C. V.","","MEXICO","View","Mexico"
"545","VECTOR CASA DE BOLSA, SA DE CV","","MONTERREY","View","Mexico"
"546","MASTTRO CAPITAL SAPI DE CV","","SAN PEDRO GARZA GARCIA","View","Mexico"
"547","MOODY'S DE MEXICO S.A. DE C.V","","MEXICO","View","Mexico"
"548","GBM GRUPO BURSATIL MEXICANO, SA DE CV","","MEXICO","View","Mexico"
"549","BANCO MULTIVA S.A. INSTITUCION DE BANCA MULTIPLE, GRUPO FINANCIERO MULTIVA","","MEXICO","View","Mexico"
"550","VOLKSWAGEN DE MEXICO S.A. DE C.V.","","MEXICO","View","Mexico"
"551","BANCA MIFEL SA INSTITUCION DE BANCA MULTIPLE GRUPO FINANCIERO MIFEL","","MEXICO","View","Mexico"
"552","AUDI MEXICO","","","View","Mexico"
"553","VW DE MEXICO","","","View","Mexico"
"554","LG DISPLAY REYNOSA SA DE CV","","","View","Mexico"
"555","TESORED, S.A. DE C.V.","","","View","Mexico"
"556","INVESTA BANK, S.A. INSTITUCION DE BANCA MULTIPLE","","","View","Mexico"
"557","AUDI MEXICO REAL ESTATE","","","View","Mexico"
"558","HR RATINGS DE MEXICO, S.A. DE C.V.","","","View","Mexico"
"559","BTG PACTUAL CASA DE BOLSA, SA. DE CV","","","View","Mexico"
"560","METALSA S.A. DE C.V.","","","View","Mexico"
"561","INDUSTRIAL AND COMMERCIAL BANK OF CHINA MEXICO, S.A.","","","View","Mexico"
"562","GESTION SANTANDER MEXICO S.A. DE C.V.","","","View","Mexico"
"563","ABACO CASA DE BOLSA, S.A. DE C.V.","","GARZA GARCIA","View","Mexico"
"564","BANCO ACTINVER SA INSTITUCION DE BANCA MULTIPLE GRUPO FINANCIERO ACTINVER","","MEXICO","View","Mexico"
"565","BBVA BANCOMER, S.A.","COLLECTIONS DEPARTMENT MEXICO, D.F.","MEXICO","View","Mexico"
"566","BBVA BANCOMER, S.A.","CORRESPONDENT BANKING","MEXICO","View","Mexico"
"567","BBVA BANCOMER, S.A.","INTERNATIONAL TREASURY DEPARTMENT","MEXICO","View","Mexico"
"568","BBVA BANCOMER, S.A.","LETTERS OF CREDIT DEPARTMENT MEXICO D.F.","MEXICO","View","Mexico"
"569","BBVA BANCOMER, S.A.","FINANCE INTERNATIONAL OPERATIONS","MEXICO","View","Mexico"
"570","BBVA BANCOMER, S.A.","FOREIGN EXCHANGE DEPARTMENT","MEXICO","View","Mexico"
"571","BBVA BANCOMER, S.A.","FIDUCIARY DEPARTMENT","MEXICO","View","Mexico"
"572","BBVA BANCOMER, S.A.","LETTERS OF CREDIT AND COLLECTIONS DEPARTMENT GUADALAJARA, JAL.","GUADALAJARA","View","Mexico"
"573","BBVA BANCOMER, S.A.","CARTERA HIPOTECARIA","MEXICO","View","Mexico"
"574","BBVA BANCOMER, S.A.","LETTERS OF CREDIT AND COLLECTIONS DEPARTMENT, MONTERREY, N.L.","MONTERREY","View","Mexico"
"575","BBVA BANCOMER, S.A.","INTERNATIONAL OPERATIONS MEXICO, D.F.","MEXICO","View","Mexico"
"576","BBVA BANCOMER, S.A.","PASIVOS MONEDA EXTRANJERA DEPT.","MEXICO","View","Mexico"
"577","BBVA BANCOMER, S.A.","PAYMENT ORDERS DEPARTMENT","MEXICO","View","Mexico"
"578","BBVA BANCOMER, S.A.","RECONCILEMENT DEPARTMENT","MEXICO","View","Mexico"
"579","BBVA BANCOMER, S.A.","SECURITIES DEPARTMENT","MEXICO","View","Mexico"
"580","BBVA BANCOMER, S.A.","TRANSFERENCIAS INTERBANCARIAS NACIONALES","MEXICO","View","Mexico"
"581","HSBC MEXICO, S.A. INSTITUCION DE BANCA MULTIPLE, GRUPO FINANCIER HSBC","SECURITIES SERVICES CNC MEXICO","MEXICO","View","Mexico"
"582","HSBC MEXICO, S.A. INSTITUCION DE BANCA MULTIPLE, GRUPO FINANCIER HSBC","CLS HSBC MEXICO","MEXICO","View","Mexico"
"583","BANCO SANTANDER (MEXICO), S.A., INSTITUCION DE BANCA MULTIPLE, GRUPO FINANCIERO SANTANDER","","MEXICO","View","Mexico"
"584","BANCO SANTANDER (MEXICO), S.A., INSTITUCION DE BANCA MULTIPLE, GRUPO FINANCIERO SANTANDER","","ACAPULCO","View","Mexico"
"585","BANCO SANTANDER (MEXICO), S.A., INSTITUCION DE BANCA MULTIPLE, GRUPO FINANCIERO SANTANDER","","CHIHUAHUA","View","Mexico"
"586","BANCO SANTANDER (MEXICO), S.A., INSTITUCION DE BANCA MULTIPLE, GRUPO FINANCIERO SANTANDER","","GUADALAJARA","View","Mexico"
"587","BANCO SANTANDER (MEXICO), S.A., INSTITUCION DE BANCA MULTIPLE, GRUPO FINANCIERO SANTANDER","","HERMOSILLO","View","Mexico"
"588","BANCO SANTANDER (MEXICO), S.A., INSTITUCION DE BANCA MULTIPLE, GRUPO FINANCIERO SANTANDER","","LEON","View","Mexico"
"589","BANCO SANTANDER (MEXICO), S.A., INSTITUCION DE BANCA MULTIPLE, GRUPO FINANCIERO SANTANDER","","MAZATLAN","View","Mexico"
"590","BANCO SANTANDER (MEXICO), S.A., INSTITUCION DE BANCA MULTIPLE, GRUPO FINANCIERO SANTANDER","","MERIDA","View","Mexico"
"591","BANCO SANTANDER (MEXICO), S.A., INSTITUCION DE BANCA MULTIPLE, GRUPO FINANCIERO SANTANDER","","MEXICO","View","Mexico"
"592","BANCO SANTANDER (MEXICO), S.A., INSTITUCION DE BANCA MULTIPLE, GRUPO FINANCIERO SANTANDER","","MONTERREY","View","Mexico"
"593","BANCO SANTANDER (MEXICO), S.A., INSTITUCION DE BANCA MULTIPLE, GRUPO FINANCIERO SANTANDER","","PUEBLA","View","Mexico"
"594","BANCO SANTANDER (MEXICO), S.A., INSTITUCION DE BANCA MULTIPLE, GRUPO FINANCIERO SANTANDER","SECURITIES SERVICES","MEXICO","View","Mexico"
"595","BANCO SANTANDER (MEXICO), S.A., INSTITUCION DE BANCA MULTIPLE, GRUPO FINANCIERO SANTANDER","","TIJUANA","View","Mexico"
"596","BANCO SANTANDER (MEXICO), S.A., INSTITUCION DE BANCA MULTIPLE, GRUPO FINANCIERO SANTANDER","","TOLUCA","View","Mexico"
"597","BANCO SANTANDER (MEXICO), S.A., INSTITUCION DE BANCA MULTIPLE, GRUPO FINANCIERO SANTANDER","","VERACRUZ","View","Mexico"
"598","BANCO NACIONAL DE MEXICO S.A.","VOSTRO ACCOUNTS DEPT","MEXICO","View","Mexico"
"599","BANCO NACIONAL DE MEXICO S.A.","","GUADALAJARA","View","Mexico"
"600","BANCO NACIONAL DE MEXICO S.A.","INTERNATIONAL CUSTODY","MEXICO","View","Mexico"
"601","BANCO NACIONAL DE MEXICO S.A.","","LEON","View","Mexico"
"602","BANCO NACIONAL DE MEXICO S.A.","MONEY TRANSFER INVESTIGATIONS","MEXICO","View","Mexico"
"603","BANCO NACIONAL DE MEXICO S.A.","","MONTERREY","View","Mexico"
"604","BANCO NACIONAL DE MEXICO S.A.","","PUEBLA","View","Mexico"
"605","BANCO NACIONAL DE MEXICO S.A.","PAYMENT ORDERS DEPT","MEXICO","View","Mexico"
"606","BANK OF AMERICA, MEXICO S.A.","","MEXICO","View","Mexico"
"607","GBM GRUPO BURSATIL MEXICANO, S.A.B. DE C.V. CASA E BOLSA","","MEXICO","View","Mexico"
"608","IXE BANCO S.A.","","MEXICO","View","Mexico"
"609","SCOTIABANK INVERLAT, S.A.","","GUADALAJARA","View","Mexico"
"610","SCOTIABANK INVERLAT, S.A.","DEPARTAMENTO DE INVERSION","MEXICO","View","Mexico"
"611","SCOTIABANK INVERLAT, S.A.","","MONTERREY","View","Mexico"
"612","SCOTIABANK INVERLAT, S.A.","","PUEBLA","View","Mexico"
"613","SCOTIABANK INVERLAT, S.A.","SECURITIES DEPARTMENT","MEXICO","View","Mexico"
"614","BANCO MERCANTIL DEL NORTE, S.A.","","MEXICO","View","Mexico"
"615","BANCO MONEX, S.A.","","MEXICO","View","Mexico"
"616","BANCO DE CREDITO RURAL DEL GOLFO S.N.C.","","XALAPA","View","Mexico"
"617","BANCO DE CREDITO RURAL DEL GOLFO S.N.C.","","VILLAHERMOSA","View","Mexico"
"618","SAMSUNG MEXICANA, S.A. DE C.V.","SAMEX","TIJUANA","View","Mexico"
"619","SAMSUNG MEXICANA, S.A. DE C.V.","SEM","TIJUANA","View","Mexico"
"620","BANCO AZTECA, S.A. INSTITUCION DE BANCA MULTIPLE","","MEXICO","View","Mexico"
"621","BANCO AZTECA, S.A. INSTITUCION DE BANCA MULTIPLE","","MEXICO","View","Mexico"
"622","IXE BANCO S.A.","DERIVATIVES","MEXICO","View","Mexico"
"623","IXE BANCO S.A.","FOREIGN EXCHANGE","MEXICO","View","Mexico"
"624","IXE BANCO S.A.","WIRE TRANSFER DEPT","MEXICO","View","Mexico"
"625","IXE BANCO S.A.","WHOLESALE BANKING","MEXICO","View","Mexico"
"626","BANCO MERCANTIL DEL NORTE, S.A.","CUSTODY AND CASH MANAGEMENT","MEXICO","View","Mexico"
"627","BANCO MERCANTIL DEL NORTE, S.A.","DERIVATIVES","MONTERREY,N.L.","View","Mexico"
"628","BANCO MERCANTIL DEL NORTE, S.A.","FOREIGN EXCHANGE","MONTERREY,N.L.","View","Mexico"
"629","BANCO MERCANTIL DEL NORTE, S.A.","WIRE TRANSFER DEPT","MONTERREY,N.L.","View","Mexico"
"630","SCOTIABANK INVERLAT, S.A.","","MEXICO","View","Mexico"
"631","BANCO JP MORGAN S.A.","GLOBAL TREASURY SERVICES","MEXICO","View","Mexico"
"632","BANCOMER RENTA FIJA INTERNACIONAL","","","View","Mexico"
"633","SAMSUNG MEXICANA, S.A. DE C.V.","SEDAM","","View","Mexico"
"634","BANCO MERCANTIL DEL NORTE, S.A.","WHOLESALE BANKING","","View","Mexico"
"635","BANCO ACTINVER SA INSTITUCION DE BANCA MULTIPLE GRUPO FINANCIERO ACTINVER","","","View","Mexico"
"636","CIBANCO SA","FIDUCIARIO","","View","Mexico"
"637","BANCO ACTINVER SA INSTITUCION DE BANCA MULTIPLE GRUPO FINANCIERO ACTINVER","ADMON.ACTINVER CASA DE BOLSA.","","View","Mexico"
"638","BANCO ACTINVER SA INSTITUCION DE BANCA MULTIPLE GRUPO FINANCIERO ACTINVER","ACTINVER CASA DE BOLSA MEX-DER","","View","Mexico"
"639","BANCO ACTINVER SA INSTITUCION DE BANCA MULTIPLE GRUPO FINANCIERO ACTINVER","BANCO ACTINVER, SA MEX-DOL","","View","Mexico"
"640","BANCO DE MEXICO","","","View","Mexico"
"641","TESORED, S.A. DE C.V.","CMS ID 001","","View","Mexico"
"642","TESORED, S.A. DE C.V.","BRANCHID 002","","View","Mexico"
"643","TESORED, S.A. DE C.V.","BRANCHID 003","","View","Mexico"
"644","THE BANK OF NEW YORK MELLON, MEXICO CITY REPRESENTATIVE OFFICE","","MEXICO","View","Mexico"
"645","MERCURY BANK AND TRUST LTD.","","MEXICO","View","Mexico"
"646","BBVA BANCOMER SA","FOREIGN EXCHANGE, INC.","MEXICO","View","Mexico"
"647","DEXIA CREDITO LOCAL MEXICO SA DE CV SOFOL FILI","","MEXICO","View","Mexico"
"648","HYPOTHEKENBANK FRANKFURT AG","","MEXICO","View","Mexico"
"649","ING MEXICO SA DE CV CASA DE BOLSA","","MEXICO","View","Mexico"
"650","ING BANK SA INSTITUCION DE BANCA MULTIPLE","","MEXICO","View","Mexico"
"651","BANCA MIFEL SA","","MEXICO","View","Mexico"
"652","THE ROYAL BANK OF SCOTLAND MEXICO S A","","MEXICO","View","Mexico"
"653","UNION DE CREDITO INDUSTRIAL AGROINDUSTRIAL Y DE SERVICIOS VALLEMEX SA DE CV","","TECAMAC","View","Mexico"
"654","UNICA CASA DE CAMBIO SA DE CV","","CHIHUAHUA","View","Mexico"
"655","MITTAL STEEL LAZARO CARDENAS SA DE CV","","MEXICO","View","Mexico"
"656","ACCIONES Y VALORES S.A.","","BOGOTA","View","Colombia"
"657","ASCREDIBANCO","","BOGOTA","View","Colombia"
"658","BANCO AV VILLAS S.A.","","BOGOTA","View","Colombia"
"659","BAVARIA S.A.","","BOGOTA","View","Colombia"
"660","BANCO DE BOGOTA","","BOGOTA","View","Colombia"
"661","GOLDEN GATE INVESTMENTS SA","","BOGOTA","View","Colombia"
"662","BANCO DE COMERCIO EXTERIOR S.A.","","BOGOTA","View","Colombia"
"663","BANCO CORPBANCA COLOMBIA S.A ( FORMERLY HELM BANK)","","BOGOTA","View","Colombia"
"664","BANCO MUNDIAL","","BOGOTA","View","Colombia"
"665","BNP PARIBAS COLOMBIA CORPORACION FINANCIERA S.A.","","BOGOTA","View","Colombia"
"666","BANCO INTERAMERICANO DE DESARROLLO","","BOGOTA","View","Colombia"
"667","BANCO POPULAR-COLOMBIA","HEADQUARTERS","BOGOTA","View","Colombia"
"668","BANCO DE LA REPUBLICA","","BOGOTA","View","Colombia"
"669","BANCO CORPBANCA COLOMBIA S.A.","","BOGOTA","View","Colombia"
"670","BARING SECURITIES (ANDEAN PACT) LTD","","BOGOTA","View","Colombia"
"671","BANCO GNB SUDAMERIS","","BOGOTA","View","Colombia"
"672","CORPORACION DE AHORRO Y VIVIENDA LAS VILLAS","","BOGOTA","View","Colombia"
"673","CAJA POPULAR COOPERATIVA LTDA","","BOGOTA","View","Colombia"
"674","COMPANIA DE AHORRO E VIVIENDA COLMENA","","BOGOTA","View","Colombia"
"675","CORPORACION DE AHORRO E VIVIENDA DEL VALLE","","BOGOTA","View","Colombia"
"676","CAMARA DE COMPENSACION DE DIVISAS DE COLOMBIA S.A.","","BOGOTA","View","Colombia"
"677","CERVECERIA UNION S.A.","","BOGOTA","View","Colombia"
"678","CERVECERIA DEL VALLE S.A.","","BOGOTA","View","Colombia"
"679","CORPORACION FINANCIERA ALIADAS","","BOGOTA","View","Colombia"
"680","CORPORACION FINANCIERA DE CALDAS S.A.","HEAD OFFICE","MANIZALES","View","Colombia"
"681","CONSORCIO FIDUCOLOMBIA FIDUCOMERCIO MUNICIPIO SANT","","CALI","View","Colombia"
"682","CORPORACION FINANCIERA INTER S.A.","","BOGOTA","View","Colombia"
"683","CORPORACION FINANCIERA DE OCCIDENTE S.A.","","BOGOTA","View","Colombia"
"684","CORPORACION FINANCIERA POPULAR SA","","BOGOTA","View","Colombia"
"685","PROGRESO CORPORACION FINANCIERA S.A.","","BOGOTA","View","Colombia"
"686","CORPORACION FINANCIERA DEL TOLIMA SA","","BOGOTA","View","Colombia"
"687","CORPORACION FINANCIERA COLOMBIANA (FORMERLY CORPORACION FINANCIERA DEL VALLE S.A.)","HEADQUARTERS","CALI","View","Colombia"
"688","CORPORACION GRANCOLOMBIANA DE AHORRO E VIVIENDA GRANAHORRAR","","BOGOTA","View","Colombia"
"689","JPMORGAN CORPORACION FINANCIERA S.A.","","BOGOTA","View","Colombia"
"690","COLTEFINANCIERA S.A. COMPANIA DE FINANCIAMIENTO COMERCIAL","","MEDELLIN","View","Colombia"
"691","CORPORACION NACIONAL DE AHORRO E VIVIENDA CONAVI","","MEDELLIN","View","Colombia"
"692","CORPORACION FINANCIERA UNION SA","","BOGOTA","View","Colombia"
"693","COMPANIA GENERAL DE INVERSIONES LTDA","","BOGOTA","View","Colombia"
"694","COLTEJER S.A","","ITAGUI","View","Colombia"
"695","BANCOLOMBIA S.A.","","MEDELLIN","View","Colombia"
"696","BANCO COLPATRIA","","BOGOTA","View","Colombia"
"697","COMPANIA GLOBAL DE PINTURAS S.A.","","MEDELLIN","View","Colombia"
"698","CORPORACION FINANCIERA DE SANTANDER","","BUCARAMANGA","View","Colombia"
"699","CORPORACION POPULAR DE AHORRO E VIVIENDA CORPAVI","","BOGOTA","View","Colombia"
"700","CREDICORP CAPITAL COLOMBIA S.A.","","BOGOTA","View","Colombia"
"701","CITITRUST BOGOTA","","BOGOTA","View","Colombia"
"702","DEPOSITO CENTRALIZADO DE VALORES DE COLOMBIA S.A","","BOGOTA","View","Colombia"
"703","ECOPETROL S.A.","","BOGOTA","View","Colombia"
"704","FIDUCIARIA BOGOTA","","BOGOTA","View","Colombia"
"705","FINANCIERA COLPATRIA S.A.","","BOGOTA","View","Colombia"
"706","FINANCIERA DE DESARROLLO NACIONAL S.A. FORMALLY FINANCIERA ENERGETICA NACIONAL S.A.-FEN","","BOGOTA","View","Colombia"
"707","COOPERATIVA FINANCIERA DE ANTIOQUIA, CFA","","BOGOTA","View","Colombia"
"708","FINANCIERA DE INVERSIONES LTDA","","BOGOTA","View","Colombia"
"709","FINANCIERA MONSERRATE SA","","BOGOTA","View","Colombia"
"710","COMPANIA FINANCIERA INTERNACIONAL SA","","BOGOTA","View","Colombia"
"711","FONDO LATINOAMERICANO DE RESERVAS","","BOGOTA","View","Colombia"
"712","FONDO ANDINO DE RESERVAS","","BOGOTA","View","Colombia"
"713","FONDO DE GARANTIAS DE INSTITUCIONES FINANCIERAS","","BOGOTA","View","Colombia"
"714","BANCO BILBAO VIZCAYA ARGENTARIA COLOMBIA S.A.","","BOGOTA","View","Colombia"
"715","GIROS Y FINANZAS C.F.C. S.A.","","CALI","View","Colombia"
"716","INTERCANJE LIMITADA","","BOGOTA","View","Colombia"
"717","INSTITUTO DE CREDITO TERRITORIAL","","BOGOTA","View","Colombia"
"718","IMPRESORA DEL SUR S.A.","","BOGOTA","View","Colombia"
"719","MERCANTIL DE INVESIONES SA","","BOGOTA","View","Colombia"
"720","INVERSORA PICHINCHA S.A. C.F.C.","","BOGOTA","View","Colombia"
"721","MALTERIA TROPICAL S.A.","","BOGOTA","View","Colombia"
"722","BANCO MULTIBANK, COLOMBIA. (FORMERLY MACROFINANCIERA C.F S.A.)","","BOGOTA","View","Colombia"
"723","MUNICIPIO SANTIAGO DE CALI","","CALI","View","Colombia"
"724","BANCO DE OCCIDENTE","HEADQUARTERS","CALI","View","Colombia"
"725","COMPANIA DE PROFESIONALES DE BOLSA S.A.","","BOGOTA","View","Colombia"
"726","BANCO PROCREDIT COLOMBIA SA","","BOGOTA","View","Colombia"
"727","POSTOBON S.A.","","MEDELLIN","View","Colombia"
"728","SAMSUNG ELECTRONICA DE COLUMBIA","","BOGOTA","View","Colombia"
"729","SUVALOR","","BOGOTA","View","Colombia"
"730","CORPORACION FINANCIERA DEL TRANSPORTE S.A.","","BOGOTA","View","Colombia"
"731","BOLSA DE VALORES DE COLOMBIA S.A","","BOGOTA","View","Colombia"
"732","BANCO CAJA SOCIAL","","BOGOTA","View","Colombia"
"733","BANCO AGRARIO DE COLOMBIA S.A. (FORMERLY CAJA DE CREDITO AGRARIO INDUSTRIAL Y MINERO)","","BOGOTA","View","Colombia"
"734","BANCO DAVIVIENDA S.A.(FORMERLY GRANBANCO BANCAFE S.A.)","","BOGOTA","View","Colombia"
"735","BANCO FALABELLA S.A.","","BOGOTA","View","Colombia"
"736","ACH COLOMBIA S.A.","","BOGOTA","View","Colombia"
"737","FITCH RATINGS COLOMBIA","","BOGOTA","View","Colombia"
"738","POLIPROPILENO DEL CARIBE S.A.","","BOGOTA","View","Colombia"
"739","ALLIANCE ENTERPRISE S.A.S.","","BOGOTA","View","Colombia"
"740","BOLSA Y RENTA COMISIONISTA DE BOLSA","","MEDELLIN","View","Colombia"
"741","BANCO PICHINCHA S.A.","","BOGOTA","View","Colombia"
"742","REFINERIA DE CARTAGENA S.A.","","BOGOTA","View","Colombia"
"743","HOCOL S.A.","","BOGOTA","View","Colombia"
"744","COLOMBIA MOVIL SA ESP","","BOGOTA","View","Colombia"
"745","EMPRESA DE TELECOMUNICACIONES DE BOGOTA S.A E.SP.","","BOGOTA","View","Colombia"
"746","CORREDORES ASOCIADOS S.A.","","BOGOTA","View","Colombia"
"747","ITAU BBA COLOMBIA SA CORPORACION FINANCEIRA","","","View","Colombia"
"748","CENIT TRANSPORTE Y LOGISTICA DE HIDROCARBUROS S.A.S.","","","View","Colombia"
"749","GLOBAL SECURITIES S.A. COMISIONISTA DE BOLSA","","","View","Colombia"
"750","BANCO SANTANDER DE NEGOCIOS COLOMBIA S.A.","","","View","Colombia"
"751","MUNICIPIO DE MEDELLIN","","","View","Colombia"
"752","ALIANZA VALORES COMISIONISTA DE  BOLSA S.A","","","View","Colombia"
"753","CAJA COLOMBIANA DE SUBSIDIO FAMILIAR COLSUBSIDIO","","","View","Colombia"
"754","ADMINISTRADORA COLOMBIANA DE PENSIONES - COLPENSIONES","","","View","Colombia"
"755","ALLIANZ SEGUROS S.A.","","","View","Colombia"
"756","ALLIANZ SEGUROS DE VIDA S.A.","","","View","Colombia"
"757","FONDO VOLUNTARIO DE PENSIONES  ADMINISTRADO POR ALLIANZ SEGUROS DE VIDA S.A.","","","View","Colombia"
"758","SABMILLER COLOMBIA","","","View","Colombia"
"759","UNE EPM TELECOMUNICACIONES S.A.","","","View","Colombia"
"760","CARVAJAL SERVICIOS S.AS.","","","View","Colombia"
"761","BBVA ASSET MANAGEMENT SOCIEDAD FIDUCIARIA","","","View","Colombia"
"762","ALMACENES EXITO S.A. (GRUPO EXITO)","","","View","Colombia"
"763","BRITISH AMERICAN TOBACCO COLOMBIA S.A.S.","","","View","Colombia"
"764","PORVENIR S.A.","","","View","Colombia"
"765","OLEODUCTO CENTRAL S.A.","","","View","Colombia"
"766","OLEODUCTO DE COLOMBIA S.A.","","","View","Colombia"
"767","MAPFRE SEGUROS GENERALES DE COLOMBIA S.A.","","","View","Colombia"
"768","FIDUCIARIA BANCOLOMBIA","","","View","Colombia"
"769","VALORES BANCOLOMBIA","","","View","Colombia"
"770","ALPINA PRODUCTOS ALIMENTICIOS S.A.","","","View","Colombia"
"771","BANCO DE BOGOTA","","SAN ANDRES","View","Colombia"
"772","BANCO DE BOGOTA","","BARRANQUILLA","View","Colombia"
"773","BANCO DE BOGOTA","","BUCARAMANGA","View","Colombia"
"774","BANCO DE BOGOTA","HEADQUARTERS OFFICES","BOGOTA","View","Colombia"
"775","BANCO DE BOGOTA","","CALI","View","Colombia"
"776","BANCO DE BOGOTA","","CARTAGENA","View","Colombia"
"777","BANCO DE BOGOTA","","CUCUTA","View","Colombia"
"778","BANCO DE BOGOTA","","MEDELLIN","View","Colombia"
"779","BANCO DE BOGOTA","","MANIZALES","View","Colombia"
"780","BANCO DE BOGOTA","","PEREIRA","View","Colombia"
"781","BANCO CORPBANCA COLOMBIA S.A ( FORMERLY HELM BANK)","","BARRANQUILLA","View","Colombia"
"782","BANCO CORPBANCA COLOMBIA S.A ( FORMERLY HELM BANK)","","CALI","View","Colombia"
"783","BANCO CORPBANCA COLOMBIA S.A ( FORMERLY HELM BANK)","","MEDELLIN","View","Colombia"
"784","BANCO POPULAR-COLOMBIA","","SAN ANDRES","View","Colombia"
"785","BANCO POPULAR-COLOMBIA","","ARMENIA","View","Colombia"
"786","BANCO POPULAR-COLOMBIA","ZONA NORTE","BARRANQUILLA","View","Colombia"
"787","BANCO POPULAR-COLOMBIA","ZONA ORIENTAL","BUCARAMANGA","View","Colombia"
"788","BANCO POPULAR-COLOMBIA","ZONA 1","BOGOTA","View","Colombia"
"789","BANCO POPULAR-COLOMBIA","ZONA 2","BOGOTA","View","Colombia"
"790","BANCO POPULAR-COLOMBIA","ZONA 3","BOGOTA","View","Colombia"
"791","BANCO POPULAR-COLOMBIA","ZONA SUR","CALI","View","Colombia"
"792","BANCO POPULAR-COLOMBIA","","CARTAGENA","View","Colombia"
"793","BANCO POPULAR-COLOMBIA","ZONA CENTRAL","IBAGUE","View","Colombia"
"794","BANCO POPULAR-COLOMBIA","ZONA NOROCCIDENTAL","MEDELLIN","View","Colombia"
"795","BANCO POPULAR-COLOMBIA","","MANIZALES","View","Colombia"
"796","BANCO POPULAR-COLOMBIA","","PEREIRA","View","Colombia"
"797","BANCO CORPBANCA COLOMBIA S.A.","","BARRANQUILLA","View","Colombia"
"798","BANCO CORPBANCA COLOMBIA S.A.","","BOGOTA","View","Colombia"
"799","BANCO CORPBANCA COLOMBIA S.A.","","CALI","View","Colombia"
"800","BANCO CORPBANCA COLOMBIA S.A.","SECURITY SERVICES COLOMBIA","BOGOTA","View","Colombia"
"801","BANCO GNB SUDAMERIS","","BARRANQUILLA","View","Colombia"
"802","BANCO GNB SUDAMERIS","","BUCARAMANGA","View","Colombia"
"803","BANCO GNB SUDAMERIS","","CALI","View","Colombia"
"804","BANCO GNB SUDAMERIS","","CARTAGENA","View","Colombia"
"805","BANCO GNB SUDAMERIS","","MEDELLIN","View","Colombia"
"806","BANCO GNB SUDAMERIS","","MANIZALES","View","Colombia"
"807","BANCO DAVIVIENDA S.A.(FORMERLY GRANBANCO BANCAFE S.A.)","","BARRANQUILLA","View","Colombia"
"808","BANCO DAVIVIENDA S.A.(FORMERLY GRANBANCO BANCAFE S.A.)","","CALI","View","Colombia"
"809","BANCO DAVIVIENDA S.A.(FORMERLY GRANBANCO BANCAFE S.A.)","","MEDELLIN","View","Colombia"
"810","CORPORACION FINANCIERA DE CALDAS S.A.","BRANCH OFFICE","MANIZALES","View","Colombia"
"811","CORPORACION FINANCIERA DE CALDAS S.A.","","BOGOTA","View","Colombia"
"812","CORPORACION FINANCIERA DE CALDAS S.A.","","CALI","View","Colombia"
"813","CORPORACION FINANCIERA DE CALDAS S.A.","","MEDELLIN","View","Colombia"
"814","PROGRESO CORPORACION FINANCIERA S.A.","","CALI","View","Colombia"
"815","CORPORACION FINANCIERA COLOMBIANA (FORMERLY CORPORACION FINANCIERA DEL VALLE S.A.)","BARRANQUILLA AGENCY","BARRANQUILLA","View","Colombia"
"816","CORPORACION FINANCIERA COLOMBIANA (FORMERLY CORPORACION FINANCIERA DEL VALLE S.A.)","BOGOTA AGENCY","BOGOTA","View","Colombia"
"817","CORPORACION FINANCIERA COLOMBIANA (FORMERLY CORPORACION FINANCIERA DEL VALLE S.A.)","INTERNATIONAL BRANCH","CALI","View","Colombia"
"818","CORPORACION FINANCIERA COLOMBIANA (FORMERLY CORPORACION FINANCIERA DEL VALLE S.A.)","","CALI","View","Colombia"
"819","CORPORACION FINANCIERA COLOMBIANA (FORMERLY CORPORACION FINANCIERA DEL VALLE S.A.)","MEDELLIN AGENCY","MEDELLIN","View","Colombia"
"820","BANCOLOMBIA S.A.","","BARRANQUILLA","View","Colombia"
"821","BANCOLOMBIA S.A.","","BUCARAMANGA","View","Colombia"
"822","BANCOLOMBIA S.A.","","CALI","View","Colombia"
"823","BANCOLOMBIA S.A.","","CARTAGENA","View","Colombia"
"824","BANCOLOMBIA S.A.","","MEDELLIN","View","Colombia"
"825","BANCOLOMBIA S.A.","","PEREIRA","View","Colombia"
"826","BANCO BILBAO VIZCAYA ARGENTARIA COLOMBIA S.A.","HEADQUARTERS","BOGOTA","View","Colombia"
"827","BANCO DE OCCIDENTE","","SAN ANDRES","View","Colombia"
"828","BANCO DE OCCIDENTE","","BARRANQUILLA","View","Colombia"
"829","BANCO DE OCCIDENTE","","BUCARAMANGA","View","Colombia"
"830","BANCO DE OCCIDENTE","","BOGOTA","View","Colombia"
"831","BANCO DE OCCIDENTE","BRANCH","CALI","View","Colombia"
"832","BANCO DE OCCIDENTE","","CARTAGENA","View","Colombia"
"833","BANCO DE OCCIDENTE","","MEDELLIN","View","Colombia"
"834","SAMSUNG ELECTRONICA DE COLUMBIA","SAMCOL","BOGOTA","View","Colombia"
"835","CORPORACION FINANCIERA DEL TRANSPORTE S.A.","","MEDELLIN","View","Colombia"
"836","ITAU BBA COLOMBIA SA CORPORACION FINANCEIRA","","BOGOTA","View","Colombia"
"837","ALLIANCE ENTERPRISE S.A.S.","LOWE SSP-3 SA","BOGOTA","View","Colombia"
"838","REFINERIA DE CARTAGENA S.A.","PATRIMONIO AUTONOMO","BOGOTA","View","Colombia"
"839","BNP PARIBAS COLOMBIA CORPORACION FINANCIERA S.A.","SECURITIES SERVICES","BOGOTA","View","Colombia"
"840","SABMILLER COLOMBIA","","","View","Colombia"
"841","SABMILLER COLOMBIA","","","View","Colombia"
"842","SABMILLER COLOMBIA","","","View","Colombia"
"843","BNP PARIBAS COLOMBIA CORPORACION FINANCIERA S.A.","","","View","Colombia"
"844","SABMILLER COLOMBIA","","","View","Colombia"
"845","CITIBANK COLOMBIA","","BOGOTA","View","Colombia"
"846","DEPOSITO CENTRAL DE VALORES (DCV)","","BOGOTA","View","Colombia"
"847","CITIBANK","","BOGOTA","View","Colombia"
"848","ACH COLOMBIA SA","","BOGOTA","View","Colombia"
"849","GLOBAL SECURITIES SA COMISIONISTA DE BOLSA","","MEDELLIN","View","Colombia"
"850","FINANCIERA CAMBIAMOS SA CFC","","BOGOTA","View","Colombia"
"851","EMPRESA DE TELECOMUNICACIONES DE BOGOTA SA ESP","","BOGOTA","View","Colombia"
"852","CENIT TRANSPORTE Y LOGISTICA DE HIDROCARBUROS SAS","","BOGOTA","View","Colombia"
"853","INTERBOLSA SA COMISIONISTA DE BOLSA","","BOGOTA","View","Colombia"
"854","ITAU BBA COLOMBIA SA CORPORACION FINANCEIRA","","BOGOTA","View","Colombia"
"855","HSBC COLOMBIA SA","","BOGOTA","View","Colombia"
"856","ADMINISTRADORA COLOMBIANA DE PENSIONES COLPENSIONES",NA,"BOGOTA","View","Colombia"
"857","SCOTIABANK COLOMBIA SA",NA,"BOGOTA","View","Colombia"
"858","REFINERIA DE CARTAGENA SA",NA,"BOGOTA","View","Colombia"
"859","BANCO SANTANDER DE NEGOCIOS COLOMBIA SA",NA,"BOGOTA","View","Colombia"
"860","ABACO CIA. FINANCIERA S.A.","","BUENOS AIRES","View","Argentina"
"861","AMERICAN EXPRESS BANK LTD.","","BUENOS AIRES","View","Argentina"
"862","NUEVO BANCO DEL CHACO S.A.","","BUENOS AIRES","View","Argentina"
"863","BANCO DE LA CIUDAD DE BUENOS AIRES","","BUENOS AIRES","View","Argentina"
"864","HSBC BANK ARGENTINA SA","","BUENOS AIRES","View","Argentina"
"865","BANCO PIANO S.A.","","BUENOS AIRES","View","Argentina"
"866","BANCO DE VALORES","","BUENOS AIRES","View","Argentina"
"867","BANCO BRADESCO ARGENTINA S/A","","BUENOS AIRES","View","Argentina"
"868","BANCO CREDICOOP COOPERATIVO LIMITADO","","BUENOS AIRES","View","Argentina"
"869","BANCO CENTRAL DE LA REPUBLICA ARGENTINA","","BUENOS AIRES","View","Argentina"
"870","BANCO DEL TUCUMAN S.A.","","SAN MIGUEL DE TUCUMAN","View","Argentina"
"871","NUEVO BANCO DE ENTRE RIOS S.A.","","PARANA (ENTRE RIOS)","View","Argentina"
"872","BANCO DE FORMOSA S.A.","","FORMOSA","View","Argentina"
"873","BANCO FINANSUR S.A.","","BUENOS AIRES","View","Argentina"
"874","BANCO HIPOTECARIO S.A.","","BUENOS AIRES","View","Argentina"
"875","BANCO DE INVERSION Y COMERCIO EXTERIOR S.A.","","BUENOS AIRES","View","Argentina"
"876","BANCO INTERFINANZAS S.A.","","BUENOS AIRES","View","Argentina"
"877","BBVA - BANCO FRANCES S.A.","","BUENOS AIRES","View","Argentina"
"878","BANCO MERIDIAN S.A.","","BUENOS AIRES","View","Argentina"
"879","BOSTON INVERSORA DE VALORES S.A.","","BUENOS AIRES","View","Argentina"
"880","BANCO MACRO S.A.","","BUENOS AIRES","View","Argentina"
"881","BANCO DEL CHUBUT S.A.","","BUENOS AIRES","View","Argentina"
"882","BANCO DE LA PROVINCIA DEL NEUQUEN S.A.","","BUENOS AIRES","View","Argentina"
"883","BANCO DE SANTA CRUZ S A","","RIO GALLEGOS","View","Argentina"
"884","NUEVO BANCO DE SANTA FE S.A.","","BUENOS AIRES","View","Argentina"
"885","BANCO SAENZ S.A.","","BUENOS AIRES","View","Argentina"
"886","BANCO SANTANDER RIO S.A.","","BUENOS AIRES","View","Argentina"
"887","BANCO DE SAN JUAN SA","","SAN JUAN","View","Argentina"
"888","BANCO DE SERVICIOS Y TRANSACCIONES SA","","BUENOS AIRES","View","Argentina"
"889","BANCO PATAGONIA S.A.","","BUENOS AIRES","View","Argentina"
"890","BANCO SUPERVIELLE","","BUENOS AIRES","View","Argentina"
"891","BANKERS TRUST ARGENTINA S.A., SOCIEDAD DE BOLSA","","BUENOS AIRES","View","Argentina"
"892","FINANCIERA BUENOS AIRES S.A.L. Y C.","","BUENOS AIRES","View","Argentina"
"893","CAPITAL MARKETS","","BUENOS AIRES","View","Argentina"
"894","CASA LERCHUNDI SACIF","","CORDOBA","View","Argentina"
"895","CAJA DE VALORES S.A.","","BUENOS AIRES","View","Argentina"
"896","BANCO COOPERATIVO DEL ESTE ARGENTINO LTDO.","","BUENOS AIRES","View","Argentina"
"897","INVERSORA S.A. COMPANIA FINANCIERA","","LA PLATA","View","Argentina"
"898","BANCO MERCURIO S.A.","","BUENOS AIRES","View","Argentina"
"899","BANCO CMF S.A.","","BUENOS AIRES","View","Argentina"
"900","BANCO DE LA PROVINCIA DE CORDOBA","","BUENOS AIRES","View","Argentina"
"901","DEUTSCHE BANK SA","","BUENOS AIRES","View","Argentina"
"902","FITCH ARGENTINA CALIFICADORA DE RIESGO S.A.","","BUENOS AIRES","View","Argentina"
"903","CORPORACION DE SERVICIOS FINANCIEROS S.A.","","BUENOS AIRES","View","Argentina"
"904","BANCO DE GALICIA Y BUENOS AIRES","","BUENOS AIRES","View","Argentina"
"905","GARCIA NAVARROY CIA. S.A.","","BAHIA BLANCA","View","Argentina"
"906","TRANSCAMBIO S.A.","","BUENOS AIRES","View","Argentina"
"907","INVERSIONARIA ARGENTINA S.A.","","BUENOS AIRES","View","Argentina"
"908","BANCO INTERAMERICANO DE DESARROLLO","","BUENOS AIRES","View","Argentina"
"909","INVERSIONES UNIDAS S.A.","","BUENOS AIRES","View","Argentina"
"910","INVERSUR S.R.L.","","SANTO TOME","View","Argentina"
"911","BANCO ITAU ARGENTINA S.A.","","BUENOS AIRES","View","Argentina"
"912","BANCO MARIVA S.A.","","BUENOS AIRES","View","Argentina"
"913","MBA BANCO DE INVERSIONES SA","","BUENOS AIRES","View","Argentina"
"914","MONTEMAR COMPANIA FINANCIERA S.A.","","","View","Argentina"
"915","MERCHANT BANK ARGENTINA","","BUENOS AIRES","View","Argentina"
"916","MULTIFINANZAS COMPANIA FINANCIERA S.A.","","BUENOS AIRES","View","Argentina"
"917","BANCO MUNICIPAL DE ROSARIO","","ROSARIO","View","Argentina"
"918","BANCO DE LA NACION ARGENTINA","","BUENOS AIRES","View","Argentina"
"919","BANCO INDUSTRIAL S.A.","","BUENOS AIRES","View","Argentina"
"920","BANCO DE LA PAMPA S.E.M.","","BUENOS AIRES","View","Argentina"
"921","BANCO DE LA PROVINCIA DE BUENOS AIRES","","BUENOS AIRES","View","Argentina"
"922","BANCO COMAFI S.A.","","BUENOS AIRES","View","Argentina"
"923","RABELLO Y CIA S.A. SOCIEDAD DE BOLSA","","BUENOS AIRES","View","Argentina"
"924","RAYMOND JAMES ARGENTINA SOCIEDAD DE BOLSA SOCIEDADANONIMA","","BUENOS AIRES","View","Argentina"
"925","BANCO ROELA S.A.","","CORDOBA","View","Argentina"
"926","INDUSTRIAL AND COMMERCIAL BANK OF CHINA (ARGENTINA)S.A.","","","View","Argentina"
"927","SBS SOCIEDAD DE BOLSA S.A.","","BUENOS AIRES","View","Argentina"
"928","SAMSUNG ELECTRONICS ARGENTINA S.A.","","BUENOS AIRES","View","Argentina"
"929","TAVELLI Y CIA.S.A.SOCIEDAD DE BOLSA","","BUENOS AIRES","View","Argentina"
"930","T.P.C.G. CAPITAL S.A.","","BUENOS AIRES","View","Argentina"
"931","BANCO PROVINCIA DE TIERRA DEL FUEGO","","BUENOS AIRES","View","Argentina"
"932","TUTELAR COMPANIA FINANCIERA S.A.","","BUENOS AIRES","View","Argentina"
"933","VANEXVA BURSATIL SA","","BUENOS AIRES","View","Argentina"
"934","BOLSA DE COMERCIO ROSARIO","","ROSARIO","View","Argentina"
"935","BANCO COLUMBIA S.A.","","BUENOS AIRES","View","Argentina"
"936","BANCO DE CORRIENTES S.A.","","","View","Argentina"
"937","MOODY'S LATIN AMERICA, CALIFICADORA DE RIESGO S.A.","","BUENOS AIRES","View","Argentina"
"938","METROPOLIS COMPANIA FINANCIERA S.A.","","BUENOS AIRES","View","Argentina"
"939","CAMBIO EXCURSIONES TURISMO COLUMBUS S.A.","","BUENOS AIRES","View","Argentina"
"940","MERCADO DE VALORES DE BUENOS AIRES S.A. - MERVAL","","BUENOS AIRES","View","Argentina"
"941","CAMBIO ALPE S.A.","","","View","Argentina"
"942","CAMBIO SANTIAGO SA","","","View","Argentina"
"943","VW ARGENTINA S.A.","","","View","Argentina"
"944","CAMBIO GARCIA NAVARRO, RAMAGLIO Y CIA. S.A.","","","View","Argentina"
"945","TRANSATLANTICA SA","","","View","Argentina"
"946","NOBLEZA-PICCARDO S.A.I.C.Y F.","","","View","Argentina"
"947","MAXINTA S.A.C.T Y B.","","","View","Argentina"
"948","REPUBBLICA ARGENTINA","","","View","Argentina"
"949","BANCO BICA  S.A.","","","View","Argentina"
"950","BANKERS TRUST RIO DE LA PLATA SACF","","BUENOS AIRES","View","Argentina"
"951","HSBC BANK ARGENTINA SA","","SANTA FE","View","Argentina"
"952","HSBC BANK ARGENTINA SA","","LOMAS DE ZAMORA","View","Argentina"
"953","HSBC BANK ARGENTINA SA","RESISTENCIA BRANCH","RESISTENCIA","View","Argentina"
"954","HSBC BANK ARGENTINA SA","","MENDOZA","View","Argentina"
"955","HSBC BANK ARGENTINA SA","","ROSARIO","View","Argentina"
"956","HSBC BANK ARGENTINA SA","","SALTA","View","Argentina"
"957","HSBC BANK ARGENTINA SA","","SAN MIGUEL DE TUCUMAN","View","Argentina"
"958","HSBC BANK ARGENTINA SA","CONCEPCION BRANCH","CONCEPCION DEL URUGUAY","View","Argentina"
"959","HSBC BANK ARGENTINA SA","AVELLANEDA BRANCH","AVELLANEDA","View","Argentina"
"960","HSBC BANK ARGENTINA SA","ALTO PALERMO BRANCH","BUENOS AIRES","View","Argentina"
"961","HSBC BANK ARGENTINA SA","AVENIDA DE MAYO BRANCH","BUENOS AIRES","View","Argentina"
"962","HSBC BANK ARGENTINA SA","","CORDOBA","View","Argentina"
"963","HSBC BANK ARGENTINA SA","BELGRANO BRANCH","BUENOS AIRES","View","Argentina"
"964","HSBC BANK ARGENTINA SA","CABILDO BRANCH","BUENOS AIRES","View","Argentina"
"965","HSBC BANK ARGENTINA SA","CENTRO BRANCH","BUENOS AIRES","View","Argentina"
"966","HSBC BANK ARGENTINA SA","CONSTITUCION BRANCH","BUENOS AIRES","View","Argentina"
"967","HSBC BANK ARGENTINA SA","FLORIDA BRANCH","FLORIDA","View","Argentina"
"968","HSBC BANK ARGENTINA SA","LA PLATA BRANCH","LA PLATA","View","Argentina"
"969","HSBC BANK ARGENTINA SA","LAS HERAS BRANCH","BUENOS AIRES","View","Argentina"
"970","HSBC BANK ARGENTINA SA","LINIERS BRANCH","BUENOS AIRES","View","Argentina"
"971","HSBC BANK ARGENTINA SA","MAR DEL PLATA BRANCH","MAR DEL PLATA","View","Argentina"
"972","HSBC BANK ARGENTINA SA","NUNEZ BRANCH","BUENOS AIRES","View","Argentina"
"973","HSBC BANK ARGENTINA SA","OLIVOS BRANCH","OLIVOS","View","Argentina"
"974","HSBC BANK ARGENTINA SA","ONCE BRANCH","BUENOS AIRES","View","Argentina"
"975","HSBC BANK ARGENTINA SA","PALERMO BRANCH","BUENOS AIRES","View","Argentina"
"976","HSBC BANK ARGENTINA SA","SAAVEDRA BRANCH","BUENOS AIRES","View","Argentina"
"977","HSBC BANK ARGENTINA SA","SAN FERNANDO BRANCH","SAN FERNANDO","View","Argentina"
"978","HSBC BANK ARGENTINA SA","SAN ISIDRO BRANCH","SAN ISIDRO","View","Argentina"
"979","HSBC BANK ARGENTINA SA","SAN MARTIN BRANCH","SAN MARTIN","View","Argentina"
"980","HSBC BANK ARGENTINA SA","SHOPPING SOLEIL BRANCH","BOULOGNE-SUR-MER","View","Argentina"
"981","HSBC BANK ARGENTINA SA","TRIBUNALES BRANCH","BUENOS AIRES","View","Argentina"
"982","HSBC BANK ARGENTINA SA","VICENTE LOPEZ BRANCH","VICENTE LOPEZ","View","Argentina"
"983","HSBC BANK ARGENTINA SA","VILLA CRESPO BRANCH","BUENOS AIRES","View","Argentina"
"984","HSBC BANK ARGENTINA SA","CAPITAL MARKETS DEPARTMENT","BUENOS AIRES","View","Argentina"
"985","BBVA - BANCO FRANCES S.A.","","MAR DEL PLATA","View","Argentina"
"986","BBVA - BANCO FRANCES S.A.","","PASO DE LOS LIBRES","View","Argentina"
"987","BBVA - BANCO FRANCES S.A.","","CORDOBA","View","Argentina"
"988","BBVA - BANCO FRANCES S.A.","","ROSARIO","View","Argentina"
"989","NUEVO BANCO DE SANTA FE S.A.","","ROSARIO","View","Argentina"
"990","NUEVO BANCO DE SANTA FE S.A.","","SANTA FE","View","Argentina"
"991","NUEVO BANCO DE SANTA FE S.A.","","SAN JUAN","View","Argentina"
"992","NUEVO BANCO DE SANTA FE S.A.","","RIO GALLEGOS","View","Argentina"
"993","BANCO SANTANDER RIO S.A.","SECURITIES SERVICES SYSTEM","BUENOS AIRES","View","Argentina"
"994","BANCO SUPERVIELLE","OPERACIONES CENTRALIZADAS","BUENOS AIRES","View","Argentina"
"995","BANCO SUPERVIELLE","DTO. COMERCIO EXTERIOR","BUENOS AIRES","View","Argentina"
"996","BANCO SUPERVIELLE","DTO. OPERACIONES DE MERCADO","BUENOS AIRES","View","Argentina"
"997","BANCO SUPERVIELLE","DTO. OPERACIONES DE TITULOS","BUENOS AIRES","View","Argentina"
"998","BANCO DE LA PROVINCIA DE CORDOBA","GERENCIA DE COMERCIO EXTERIOR","CORDOBA","View","Argentina"
"999","MONTEMAR COMPANIA FINANCIERA S.A.","","SAN RAFAEL","View","Argentina"
"1000","MONTEMAR COMPANIA FINANCIERA S.A.","","MENDOZA","View","Argentina"
"1001","BANCO DE LA NACION ARGENTINA","BAHIA BLANCA BRANCH","BAHIA BLANCA","View","Argentina"
"1002","BANCO DE LA NACION ARGENTINA","CASA CENTRAL","BUENOS AIRES","View","Argentina"
"1003","BANCO DE LA NACION ARGENTINA","CONCORDIA BRANCH","CONCORDIA","View","Argentina"
"1004","BANCO DE LA NACION ARGENTINA","CORDOBA BRANCH","CORDOBA","View","Argentina"
"1005","BANCO DE LA NACION ARGENTINA","CORRIENTES BRANCH","CORRIENTES","View","Argentina"
"1006","BANCO DE LA NACION ARGENTINA","MENDOZA BRANCH","MENDOZA","View","Argentina"
"1007","BANCO DE LA NACION ARGENTINA","MAR DEL PLATA BRANCH","MAR DEL PLATA","View","Argentina"
"1008","BANCO DE LA NACION ARGENTINA","NEUQUEN BRANCH","NEUQUEN","View","Argentina"
"1009","BANCO DE LA NACION ARGENTINA","PERGAMINO BRANCH","PERGAMINO","View","Argentina"
"1010","BANCO DE LA NACION ARGENTINA","POSADAS BRANCH","POSADAS","View","Argentina"
"1011","BANCO DE LA NACION ARGENTINA","RAFAELA BRANCH","RAFAELA","View","Argentina"
"1012","BANCO DE LA NACION ARGENTINA","RIO CUARTO BRANCH","RIO CUARTO","View","Argentina"
"1013","BANCO DE LA NACION ARGENTINA","RECONQUISTA BRANCH","RECONQUISTA","View","Argentina"
"1014","BANCO DE LA NACION ARGENTINA","ROSARIO BRANCH","ROSARIO","View","Argentina"
"1015","BANCO DE LA NACION ARGENTINA","SALTA BRANCH","SALTA","View","Argentina"
"1016","BANCO DE LA NACION ARGENTINA","SANTA FE BRANCH","SANTA FE","View","Argentina"
"1017","BANCO DE LA NACION ARGENTINA","SAN JUAN BRANCH","SAN JUAN","View","Argentina"
"1018","BANCO DE LA NACION ARGENTINA","SAN MIGUEL DE TUCUMAN BRANCH","SAN MIGUEL DE TUCUMAN","View","Argentina"
"1019","BANCO DE LA NACION ARGENTINA","SAN RAFAEL BRANCH","SAN RAFAEL","View","Argentina"
"1020","BANCO DE LA NACION ARGENTINA","VILLA MARIA BRANCH","VILLA MARIA","View","Argentina"
"1021","BANCO DE LA PAMPA S.E.M.","","SANTA ROSA","View","Argentina"
"1022","BANCO DE LA PAMPA S.E.M.","","GENERAL PICO","View","Argentina"
"1023","BANCO DE LA PROVINCIA DE BUENOS AIRES","BAHIA BLANCA BRANCH","BAHIA BLANCA","View","Argentina"
"1024","BANCO DE LA PROVINCIA DE BUENOS AIRES","DEPARTAMENTO DE CONTABILIDAD INTERNATIONAL BRANCH","BUENOS AIRES","View","Argentina"
"1025","BANCO DE LA PROVINCIA DE BUENOS AIRES","LA PLATA HOUSE","LA PLATA","View","Argentina"
"1026","BANCO DE LA PROVINCIA DE BUENOS AIRES","","MAR DEL PLATA","View","Argentina"
"1027","BANCO ROELA S.A.","SUCURSAL ALEM","CORDOBA","View","Argentina"
"1028","BANCO ROELA S.A.","SUCURSAL JUSTO","CORDOBA","View","Argentina"
"1029","BANCO ROELA S.A.","SUCURSAL SAN MARTIN","CORDOBA","View","Argentina"
"1030","BANCO ROELA S.A.","","BUENOS AIRES","View","Argentina"
"1031","SAMSUNG ELECTRONICS ARGENTINA S.A.","SEASA","BUENOS AIRES","View","Argentina"
"1032","MERCADO DE VALORES DE BUENOS AIRES SA","","BUENOS AIRES","View","Argentina"
"1033","INDUSTRIAL AND COMMERCIAL BANK OF CHINA (ARGENTINA)S.A.","GLOBAL CUSTODY DEPARTMENT","","View","Argentina"
"1034","MONTEMAR COMPANIA FINANCIERA S.A.","","SAN JUAN","View","Argentina"
"1035","MBA LAZARD BANCO DE INVERSION SA","","","View","Argentina"
"1036","INDUSTRIAL AND COMMERCIAL BANK OF CHINA (ARGENTINA)S.A.","CASH MANAGEMENT","","View","Argentina"
"1037","BNP PARIBAS - SUCCURSALE DE BUENOS AIRES","","BUENOS AIRES","View","Argentina"
"1038","BANK OF TOKYO-MITSUBISHI UFJ, LTD., THE","BUENOS AIRES BRANCH","BUENOS AIRES","View","Argentina"
"1039","BANCO DE LA REPUBLICA ORIENTAL DEL URUGUAY","","BUENOS AIRES","View","Argentina"
"1040","JPMORGAN CHASE BANK, N.A.","","BUENOS AIRES","View","Argentina"
"1041","CITIBANK N.A.","","BUENOS AIRES","View","Argentina"
"1042","JPMORGAN CHASE BANK, N.A.","TEST KEY AND BKE ADMINISTRATION","BUENOS AIRES","View","Argentina"
"1043","FOREXCAMBIO SA","","BUENOS AIRES","View","Argentina"
"1044","JPMORGAN CHASE BANK NA","N.A. SUCURSAL BUENOS AIRES - TREASURY SERVICES","BUENOS AIRES","View","Argentina"
"1045","CAMBIO GARCIA NAVARRO RAMAGLIO Y CIA SA","","MAR DEL PLATA","View","Argentina"
"1046","ALHEC TOURS SACBYT","","BUENOS AIRES","View","Argentina"
"1047","ROYAL BANK OF SCOTLAND NV","","BUENOS AIRES","View","Argentina"
"1048","INDUSTRIAL AND COMMERCIAL BANK OF CHINA SA","GLOBAL CUSTODY DEPARTMENT","BUENOS AIRES","View","Argentina"
"1049","INDUSTRIAL AND COMMERCIAL BANK OF CHINA SA","","BUENOS AIRES","View","Argentina"
"1050","AFEX AGENTES DE VALORES LIMITADA","","SANTIAGO","View","Chile"
"1051","BCI CORREDOR DE BOLSA S.A.","","SANTIAGO","View","Chile"
"1052","BANCO CENTRAL DE CHILE","","SANTIAGO","View","Chile"
"1053","BANCO DE CHILE","","SANTIAGO","View","Chile"
"1054","BANCO PARIS","","SANTIAGO","View","Chile"
"1055","BANCHILE CORREDORES DE BOLSA S.A.","","SANTIAGO","View","Chile"
"1056","BANCO DEL ESTADO DE CHILE","","SANTIAGO","View","Chile"
"1057","BANCO BILBAO VIZCAYA ARGENTARIA, CHILE","","SANTIAGO","View","Chile"
"1058","BANCO BICE","","SANTIAGO","View","Chile"
"1059","BANCO INTERNACIONAL","","SANTIAGO","View","Chile"
"1060","SCOTIABANK CHILE","","SANTIAGO","View","Chile"
"1061","HSBC BANK (CHILE)","","SANTIAGO","View","Chile"
"1062","BANK OF AMERICA, S.A. SANTIAGO","","SANTIAGO","View","Chile"
"1063","BANCO PENTA","","SANTIAGO","View","Chile"
"1064","BANCO SANTANDER CHILE","","SANTIAGO","View","Chile"
"1065","BANCO SECURITY","","SANTIAGO","View","Chile"
"1066","CASA DE MONEDA DE CHILE","","SANTIAGO","View","Chile"
"1067","SCOTIA CORREDORA DE BOLSA","","SANTIAGO","View","Chile"
"1068","COOPERATIVA DE CONSUMOS E DE AHORROS CARABINEROS DE CHILE LTD.","","SANTIAGO","View","Chile"
"1069","CELFIN S.A.","","SANTIAGO","View","Chile"
"1070","CORPORACION FOMENTO DE LA PRODUCCION","","SANTIAGO","View","Chile"
"1071","BANCO DE CHILE, AS LEGAL SUCCESOR OF CITIBANK CHILE","","SANTIAGO","View","Chile"
"1072","CORPORACION NACIONAL DEL COBRE DE CHILE","","SANTIAGO","View","Chile"
"1073","CONSORCIO CORREDORES DE BOLSA S.A.","","SANTIAGO","View","Chile"
"1074","CORP BANCA","","SANTIAGO","View","Chile"
"1075","BANCO DE CREDITO E INVERSIONES","","SANTIAGO","View","Chile"
"1076","CORPCAPITAL CORREDORES DE BOLSA SA","","SANTIAGO","View","Chile"
"1077","DEPOSITO CENTRAL DE VALORES S.A.","","SANTIAGO","View","Chile"
"1078","DEUTSCHE BANK (CHILE) S.A.","","SANTIAGO","View","Chile"
"1079","DEUTSCHE SECURITIES CORREDORES DE BOLSA LIMITADA","","SANTIAGO","View","Chile"
"1080","CCLV, CONTRAPARTE CENTRAL S.A.","","SANTIAGO","View","Chile"
"1081","BANCO FALABELLA","","SANTIAGO","View","Chile"
"1082","FITCH CHILE CLASIFICADORA DE REISGO LTD","","SANTIAGO","View","Chile"
"1083","ITAU CHILE CORREDOR DE BOLSA LTDA","","SANTIAGO","View","Chile"
"1084","BANCO ITAU CHILE","","SANTIAGO","View","Chile"
"1085","LARRAIN VIAL","","SANTIAGO","View","Chile"
"1086","MBI CORREDORES DE BOLSA S.A.","","SANTIAGO","View","Chile"
"1087","MERRILL LYNCH CORREDORES DE BOLSA S.A.","","SANTIAGO","View","Chile"
"1088","BANCO CONSORCIO","","SANTIAGO","View","Chile"
"1089","PACIFIC OVERSEAS INTERNATIONAL BANK LIMITED","","SANTIAGO","View","Chile"
"1090","COMBANC S.A.","","SANTIAGO","View","Chile"
"1091","PENTA CORREDORES DE BOLSA S.A.","","SANTIAGO","View","Chile"
"1092","BANCO RIPLEY","","SANTIAGO","View","Chile"
"1093","SANTANDER INVESTMENT S.A. CORREDORES DE BOLSA","","SANTIAGO","View","Chile"
"1094","SAMSUNG ELECTRONICS CHILE LIMITADA (LTDA)","","SANTIAGO","View","Chile"
"1095","TESORERIA GENERAL DE LA REPUBLICA","","SANTIAGO","View","Chile"
"1096","IM TRUST S.A. CORREDORES DE BOLSA","","SANTIAGO","View","Chile"
"1097","BOLSA DE COMERCIO DE SANTIAGO","","SANTIAGO","View","Chile"
"1098","GBM CORREDORES DE BOLSA LIMITADA","","SANTIAGO","View","Chile"
"1099","J.P. MORGAN CORREDORES DE BOLSA SPA","","SANTIAGO","View","Chile"
"1100","MONEDA CORREDORES DE BOLSA DE BOLSA LIMITADA","","SANTIAGO","View","Chile"
"1101","NEGOCIOS Y VALORES S.A C DE B","","SANTIAGO","View","Chile"
"1102","TANNER SERVICIOS FINANCIEROS S.A.","","SANTIAGO","View","Chile"
"1103","TANNER CORREDORES DE BOLSA","","","View","Chile"
"1104","LATCAM PAGOS INTERNACIONALES S.A.","","","View","Chile"
"1105","BBVA CORREDORES DE BOLSA LIMITADA","","","View","Chile"
"1106","CASA DE CAMBIOS GUINAZU S.A.","","","View","Chile"
"1107","EUROAMERICA CORREDORES DE BOLSA S.A","","","View","Chile"
"1108","ITAU CHILE ADMINISTRADORA GENERAL DE FONDOS S.A.","","","View","Chile"
"1109","COMDER CONTRAPARTE CENTRAL S.A.","","","View","Chile"
"1110","BANCO BTG PACTUAL CHILE","","","View","Chile"
"1111","REDBANC S.A","","SANTIAGO","View","Chile"
"1112","BANCO CENTRAL DE CHILE","","SANTIAGO","View","Chile"
"1113","BANCO DE CHILE","","VINA DEL MAR","View","Chile"
"1114","BANCO DE CHILE","","ARICA","View","Chile"
"1115","BANCO DE CHILE","","IQUIQUE","View","Chile"
"1116","BANCO DE CHILE","","ANTOFAGASTA","View","Chile"
"1117","BANCO DE CHILE","","LA SERENA","View","Chile"
"1118","BANCO DE CHILE","","TEMUCO","View","Chile"
"1119","BANCO DE CHILE","","PUERTO MONTT","View","Chile"
"1120","BANCO DE CHILE","","PUNTA ARENAS","View","Chile"
"1121","BANCO DE CHILE","","CONCEPCION","View","Chile"
"1122","BANCO DE CHILE","","VALPARAISO","View","Chile"
"1123","BANCO DE CHILE","","COYHAIQUE","View","Chile"
"1124","BANCO DE CHILE","EXPORT","SANTIAGO","View","Chile"
"1125","BANCO DE CHILE","IMPORT HEAD OFFICE","SANTIAGO","View","Chile"
"1126","BANCO DE CHILE","IMPORT OTHER SANTIAGO BRANCHES","SANTIAGO","View","Chile"
"1127","SCOTIABANK CHILE","","IQUIQUE","View","Chile"
"1128","SCOTIABANK CHILE","","VALPARAISO","View","Chile"
"1129","SCOTIABANK CHILE","","ARICA","View","Chile"
"1130","SCOTIABANK CHILE","","CONCEPCION","View","Chile"
"1131","BANCO SANTANDER CHILE","","ANTOFAGASTA","View","Chile"
"1132","BANCO SANTANDER CHILE","","ARICA","View","Chile"
"1133","BANCO SANTANDER CHILE","","CHILLAN","View","Chile"
"1134","BANCO SANTANDER CHILE","","CONCEPCION","View","Chile"
"1135","BANCO SANTANDER CHILE","","COYHAIQUE","View","Chile"
"1136","BANCO SANTANDER CHILE","","CURICO","View","Chile"
"1137","BANCO SANTANDER CHILE","","IQUIQUE","View","Chile"
"1138","BANCO SANTANDER CHILE","","LA SERENA","View","Chile"
"1139","BANCO SANTANDER CHILE","","PUERTO MONTT","View","Chile"
"1140","BANCO SANTANDER CHILE","","PUNTA ARENAS","View","Chile"
"1141","BANCO SANTANDER CHILE","","RANCAGUA","View","Chile"
"1142","BANCO SANTANDER CHILE","","TALCA","View","Chile"
"1143","BANCO SANTANDER CHILE","","TEMUCO","View","Chile"
"1144","BANCO SANTANDER CHILE","","VALDIVIA","View","Chile"
"1145","BANCO SANTANDER CHILE","","VALPARAISO","View","Chile"
"1146","BANCO SANTANDER CHILE","","VINA DEL MAR","View","Chile"
"1147","BANCO SANTANDER CHILE","GLOBAL CUSTODY DEPARTMENT","SANTIAGO","View","Chile"
"1148","SAMSUNG ELECTRONICS CHILE LIMITADA (LTDA)","SECH","SANTIAGO","View","Chile"
"1149","BANCO CENTRAL DE CHILE","","SANTIAGO","View","Chile"
"1150","BANCO CENTRAL DE CHILE","","SANTIAGO","View","Chile"
"1151","BTG PACTUAL CHILE S.A. CORREDORES DE BOLSA","","SANTIAGO","View","Chile"
"1152","BANCO ITAU CHILE","SECURITY SERVICES","","View","Chile"
"1153","COMDER CONTRAPARTE CENTRAL S.A.","","","View","Chile"
"1154","BANK OF TOKYO-MITSUBISHI UFJ, LTD., THE","SANTIAGO BRANCH","SANTIAGO","View","Chile"
"1155","BANCO DO BRASIL S.A.","","SANTIAGO","View","Chile"
"1156","JPMORGAN CHASE BANK, N.A.","","SANTIAGO","View","Chile"
"1157","DNB BANK ASA, AGENCIA EN CHILE","","SANTIAGO","View","Chile"
"1158","EXPORT-IMPORT BANK OF KOREA, THE","","SANTIAGO","View","Chile"
"1159","BANCO DE LA NACION ARGENTINA","","SANTIAGO","View","Chile"
"1160","BANCO DE LA PROVINCIA DE BUENOS AIRES","","SANTIAGO","View","Chile"
"1161","RABOBANK CHILE","","SANTIAGO","View","Chile"
"1162","JPMORGAN CHASE BANK, N.A.","TEST KEY AND BKE ADMINISTRATION","SANTIAGO","View","Chile"
"1163","JPMORGAN CHASE BANK NA","","SANTIAGO","View","Chile"
"1164","CELFIN CAPITAL SA CORREDORES DE BOLSA","","SANTIAGO","View","Chile"
